word,intent
‡∏Å‡∏¥‡∏ô‡πÄ‡∏•‡∏µ‡πâ‡∏¢‡∏á,food
‡∏â‡∏•‡∏≤‡∏î,
‡∏•‡∏∑‡∏°,
‡∏Ç‡∏≠‡∏£‡πâ‡∏≠‡∏á,
‡∏≠‡∏≤‡∏à‡∏à‡∏∞,
‡πÄ‡∏ä‡πâ‡∏≤,time
‡∏ô‡∏±‡πà‡∏ô,stopword
‡∏ò‡∏∏‡∏£‡∏∞,
‡∏ï‡∏±‡∏ß‡πÅ‡∏ó‡∏ô,person
‡∏Ñ‡∏≥‡∏ñ‡∏≤‡∏°,
‡πÄ‡∏û‡πá‡∏Å,noword
camera,product
‡∏≠.,person
‡πÄ‡∏´‡∏ß,
IP-PBX,product
‡∏Ñ‡∏±‡∏ö,stopword
‡πÑ‡∏á,greeting
‡∏ö.,place
‡∏õ‡∏£‡∏∞‡∏¢‡∏∏‡∏ó‡∏ò‡πå,person
‡∏Ñ‡∏£‡∏±‡∏ö,stopword
‡∏¢‡∏¥‡∏á,
‡∏ñ‡πâ‡∏≤,stopword
‡∏Ñ‡∏£‡∏≥,
‡πÅ‡∏ô‡πà‡∏à‡∏£‡∏¥‡∏á,
‡∏ï‡∏£‡∏≤,
‡πÄ‡∏Ç‡∏¥‡∏ô,emotion
‡πÑ‡∏´‡∏ô‡∏•‡πà‡∏∞,question
‡∏™‡∏ß,noword
‡∏ó‡∏≤‡∏á‡∏ä‡πâ‡∏≤‡∏á‡πÄ‡∏ú‡∏∑‡∏≠‡∏Å,
‡∏´‡∏ô‡πà‡∏≠,
‡∏ö‡∏•‡πá‡∏≠‡∏Ñ,
‡∏ó‡∏µ‡πà‡πÑ‡∏´‡∏ô,question
‡∏ï‡∏±‡∏ö,
‡πÄ‡∏¢‡πà,stopword
‡∏î‡∏≤‡∏ß‡∏ô‡πå,emotion
‡∏°‡∏≤,
‡∏ö‡∏á,noword
‡∏ï‡∏±‡πâ‡∏á‡∏≠‡∏¢‡∏π‡πà,
‡∏≠‡πà‡∏≤‡∏ô‡∏´‡∏ô‡∏±‡∏á‡∏™‡∏∑‡∏≠,
‡∏ú‡∏•‡∏¥‡∏ï,
‡∏Ñ‡∏£‡∏π,person
‡πÄ‡∏Å‡∏µ‡πà‡∏¢‡∏ß,stopword
‡∏ñ‡∏ñ‡∏ñ‡∏ñ‡∏ñ‡∏ñ,noword
‡∏™‡∏∏‡∏î‡∏ó‡πâ‡∏≤‡∏¢,stopword
device,product
‡πÄ‡∏´‡∏µ‡πâ‡∏¢,
‡∏Ç‡πâ‡∏≤‡∏á‡∏´‡∏•‡∏±‡∏á,
‡∏°‡∏≤‡∏Å,
851589585,num
‡∏≠‡πâ‡∏ß‡∏ô,
‡∏ô‡∏û,person
‡πÄ‡∏£‡∏µ‡∏¢‡∏ô,
‡∏™‡∏ß‡∏±‡∏™‡∏î‡∏µ,greeting
‡πÇ‡∏≠‡πâ,
‡∏≠‡∏≠,
‡∏†‡∏π‡πÄ‡∏Ç‡∏≤,place
‡∏û,noword
‡∏≠‡∏£‡πà‡∏≠‡∏¢,food
‡∏û‡∏¥,noword
‡πÄ‡∏≠‡∏≤‡∏ï‡∏±‡∏ß‡∏£‡∏≠‡∏î,
‡∏°‡∏±‡∏¢,noword
‡∏ï‡∏π‡πâ‡πÄ‡∏¢‡πá‡∏ô,product
‡∏ó‡∏≥‡∏ï‡∏≤‡∏°,
‡πÄ‡∏™‡∏µ‡∏¢‡πÄ‡∏ß‡∏•‡∏≤,
‡∏£‡∏∏‡πà‡∏ô‡∏û‡∏µ‡πà,person
‡πÉ‡∏´‡∏°‡πà,
‡πÑ‡∏≠,
close,
large,
‡∏ö‡∏ô,
‡πÄ‡∏≠‡∏≤,stopword
‡∏´‡∏≤,stopword
‡πÑ‡∏°‡πà‡∏ï‡πâ‡∏≠‡∏á,deny
‡∏û‡∏π‡∏î,
‡∏ß‡∏¥,time
‡∏ô‡∏µ‡πà,stopword
‡πÑ‡∏£,question
‡∏°‡∏≤‡∏à‡∏≤‡∏Å,stopword
‡πÄ‡∏î‡∏∑‡∏≠‡∏ô,month
‡∏ó‡∏∏‡∏Å,stopword
‡πÄ‡∏°‡∏≤,drink
‡∏Ñ‡∏•‡∏≠‡∏á,place
‡∏•‡πâ‡∏°,
‡πÄ‡∏ï‡∏¥‡∏°,
‡∏°‡∏∏‡πâ‡∏á,
‡πÇ‡∏°‡∏á,time
‡∏Ñ‡∏∑‡∏ô,
‡πÉ‡∏´,noword
‡πÇ‡∏ü,noword
?,question
‡∏ö‡∏¥‡∏ô,
‡∏Ñ‡∏£‡∏ö,stopword
‡πÄ‡∏ß‡πà‡∏¢‡∏¢‡∏¢,noword
‡∏≠‡πâ‡∏≤,noword
‡∏ô‡∏∂‡∏Å,
‡∏´‡∏¢‡πâ‡∏≤,noword
-,noword
‡∏ö‡πâ‡∏≤‡∏á,
‡∏´‡∏µ,
night,
‡∏£,noword
‡πÜ‡πÜ‡πÜ‡πÜ‡πÜ‡πÜ,noword
‡πÄ‡∏î‡∏µ‡∏¢‡∏ß,
‡∏™‡∏ö‡∏≤‡∏¢‡πÉ‡∏à,
‡πÑ‡∏°‡πà‡πÄ‡∏≠‡∏≤,deny
‡∏û‡∏±‡∏Å‡∏ú‡πà‡∏≠‡∏ô,
‡∏≠‡∏∏‡∏î‡∏°,
‡∏à‡∏ö,
‡∏Å‡∏≤,noword
‡πÄ‡∏ä‡πà‡∏≤,
^^,noword
‡πÄ‡∏≠‡πâ‡∏≤‡∏≤‡∏≤‡∏≤,stopword
‡πÜ‡πÜ‡πÜ‡πÜ,noword
‡∏´‡∏∏‡πà‡∏ô‡∏¢‡∏ô‡∏ï‡πå,product
more,stopword
‡πÄ‡∏î‡∏∞,noword
‡∏´‡∏ç‡∏¥‡∏á,person
‡∏´‡∏ß‡∏∞,noword
‡∏£‡∏≤‡∏Ñ‡∏≤,
‡πÑ‡∏•‡∏ü‡πå,
‡∏¢‡∏¢‡∏¢‡∏¢‡∏¢‡∏¢‡∏¢‡∏¢‡∏¢‡∏¢‡∏¢‡∏¢,noword
‡∏¢‡∏≤,
jfjfhmdvdhfndgxcmfjxknxnxbmdjvfnnrkdknxhxmfhjdjdmdjddfbdbjdkdjxnfkdgjdjdkdhmdkfjdmkdjdkkfkfjfbnf,noword
‡∏¢,noword
‡πÅ‡∏ñ‡∏ß,
‡∏û‡πà‡∏≠‡πÅ‡∏°‡πà,person
‡∏≠‡∏µ‡∏Å,stopword
‡∏ò‡∏±‡∏ô‡∏ß‡∏≤‡∏Ñ‡∏°,month
‡∏Ñ‡∏∏‡πâ‡∏¢,
‡πÄ‡∏´‡∏£‡∏≠,stopword
‡πÄ‡∏≠‡∏≤‡πÄ‡∏£‡∏∑‡πà‡∏≠‡∏á,stopword
‡∏ï‡∏£‡∏á,stopword
‡πÄ‡∏ô‡∏µ‡πâ‡∏¢,stopword
‡∏Å‡∏¥‡∏ô‡∏Ç‡πâ‡∏≤‡∏ß,food
‡∏Ñ‡∏∏‡∏ì‡∏†‡∏≤‡∏û,
‡∏ô‡∏±‡πâ‡∏ô,stopword
‡∏ï‡πà‡∏≠‡πÑ‡∏õ,stopword
‡∏Å‡∏≥‡∏•‡∏±‡∏á,stopword
D,noword
‡∏ó‡∏¥‡πâ‡∏á,
‡∏ï‡πà‡∏≤,noword
bye,bye
‡πÑ‡∏ó‡∏°‡πå,time
‡∏ä‡πá‡∏≠‡∏ï,
‡∏Ç‡∏µ‡πà‡∏°‡πâ‡∏≤,
‡∏•‡∏≤‡∏Å‡πà‡∏≠‡∏ô,bye
‡πÄ‡∏´‡∏ô‡∏µ‡∏¢‡∏ß,
‡∏£‡∏µ‡πâ,noword
4.3,num
‡∏Ñ‡∏¥‡∏î‡∏ñ‡∏∂‡∏á,
‡∏™‡∏ß‡∏¢,
‡∏ï‡πä‡∏≤‡∏¢,stopword
‡∏Å‡∏≤‡∏ß,
‡∏≠‡∏≤‡∏£‡∏°‡∏ì‡πå‡πÄ‡∏™‡∏µ‡∏¢,emotion
‡πÄ‡∏£‡πá‡∏ß,
‡∏õ‡∏•‡∏≠‡∏ö‡πÉ‡∏à,
‡πÄ‡∏õ‡∏•‡∏µ‡πà‡∏¢‡∏ô,
‡∏à‡∏≤‡∏Å,stopword
‡πÅ‡∏ü‡∏ô,person
‡∏°‡∏∞,noword
what,question
‡πÄ‡∏Å‡πà‡∏≤,
‡∏™‡∏ö‡∏≤‡∏¢‡∏î‡∏µ,
‡∏ô‡πà‡∏∞,stopword
‡πÅ‡∏ô‡πà,noword
2,noword
‡∏≠‡πà‡∏≤‡∏ß,stopword
‡∏á‡∏á,noword
‡πÅ‡∏£‡∏Å,
‡∏≠‡πà,noword
‡πÄ‡∏Å‡πâ‡∏ï,noword
‡∏≠‡∏¢‡πà‡∏≤,deny
‡∏¥‡∏∑,noword
‡∏£.,noword
*,noword
‡∏ï‡∏≤‡∏°,stopword
‡∏ä‡πà‡∏ß‡∏á‡∏ô‡∏µ‡πâ,time
‡πÜ‡πÜ‡πÜ,noword
‡∏ó‡∏µ‡∏´‡∏•‡∏±‡∏á,
‡πÄ‡∏ä‡∏µ‡πâ‡∏¢,
‡∏´‡∏ô‡∏≤‡∏ß,
‡∏ß‡∏ß,noword
‡πÑ‡∏Å‡∏•‡πÜ,
‡∏ö‡πà,deny
‡πÄ‡∏≠‡πâ‡∏≠,stopword
‡πÄ‡πÄ‡∏ï‡πà,stopword
‡πÉ‡∏î,stopword
group,
‡∏õ‡∏•‡∏≤,animal
‡∏ô‡∏±‡πâ‡∏á,noword
‡∏¢‡∏±‡∏ô,stopword
‡∏Å‡πá‡πÑ‡∏î‡πâ,stopword
‡πÉ‡∏à‡πÄ‡∏¢‡πá‡∏ô,emotion
‡πÅ‡∏°‡∏ß,animal
‡πÑ‡∏°‡πà‡∏ó‡∏£‡∏≤‡∏ö,
‡∏Ç‡∏≠‡πÉ‡∏´‡πâ,stopword
‡πÄ‡∏à‡πâ‡∏≤‡∏ô‡∏≤‡∏¢,person
hi,greeting
‡∏´‡∏¢‡∏¥‡πà‡∏á,
‡πÑ‡∏ß‡πâ,stopword
‡∏´‡∏•‡∏≠,stopword
‡∏≠‡πâ‡∏≤‡∏ß,stopword
‡∏ó‡∏µ‡πà‡∏ó‡∏≥‡∏á‡∏≤‡∏ô,
‡∏ô‡πà‡∏≤‡∏™‡∏ô‡πÉ‡∏à,
‡πÇ‡∏¢‡πà‡∏ß,greeting
‡πÄ‡∏î‡πâ,noword
‡πÄ‡∏≠‡πã‡πÜ‡πÜ‡πÜ‡πÜ‡πÜ‡πÜ‡πÜ‡πÜ‡πÜ‡πÜ‡πÜ‡πÜ‡πÜ‡πÜ‡πÜ‡πÜ,stopword
‡∏Ç‡∏≠‡∏ö‡∏Ñ‡∏∏‡∏ì,
‡∏°‡πà‡∏∞,noword
‡∏Å‡∏ß‡πà‡πà,noword
‡πÅ‡∏Æ‡∏∞,stopword
‡πÄ‡∏•‡∏∑‡πà‡∏≠‡∏ô‡∏Ç‡∏±‡πâ‡∏ô,
‡∏õ‡πà‡∏∞,stopword
‡πÄ‡∏ü‡πâ‡∏¢,stopword
‡∏´‡∏•‡πà‡∏≠,
‡∏Ç‡πâ‡∏≠‡∏Ñ‡∏ß‡∏≤‡∏°,
‡πÄ‡∏™‡∏£‡πá‡∏à,
‡∏°‡πâ‡∏≤,animal
‡∏á‡∏ß‡∏î,
Cloud,product
‡∏ô‡∏±‡∏î,
‡∏´‡∏°‡∏≤,animal
T,noword
‡∏ç,person
‡∏≠‡∏¢‡πà‡∏≤‡∏á‡πÑ‡∏£‡∏ö‡πâ‡∏≤‡∏á,
‡∏à‡∏∏,noword
‡∏ß‡∏±‡∏ô‡∏ô‡∏µ‡πâ,date
‡∏ö‡∏±‡∏ç‡∏ä‡∏µ,
‡∏°‡πâ‡∏∞,noword
‡∏£‡∏±‡∏ê‡∏ö‡∏∏‡∏£‡∏∏‡∏©,person
‡πÄ‡∏ô‡∏µ‡πà‡∏¢,
‡∏≤‡∏≤^^,noword
‡∏ñ‡∏π‡∏Å‡∏´‡∏ß‡∏¢,
‡∏´‡∏∂,stopword
‡∏≠‡∏∑‡∏°,ok
‡∏£‡πâ‡∏≠‡∏á‡πÑ‡∏´‡πâ,
‡∏°‡∏≤‡πÅ‡∏£‡∏á,
‡πÄ‡∏™‡∏µ‡∏¢‡∏î‡∏≤‡∏¢,
‡∏´‡∏°‡∏Å,
‡∏ä‡πâ‡∏≤,
‡∏î‡∏≥,noword
‡∏Å‡∏≤‡∏á‡πÄ‡∏Å‡∏á‡πÉ‡∏ô,
‡∏≤‡∏≤,noword
‡∏ô‡πâ‡∏≠‡∏á‡∏™‡∏≤‡∏ß,person
‡∏ï‡∏±‡πâ‡∏á‡πÅ‡∏ï‡πà‡πÅ‡∏£‡∏Å,
bot,product
‡∏ï‡∏±‡∏ß,person
‡πÑ‡∏õ,
‡∏Ñ‡∏ô‡∏•‡∏∞‡πÄ‡∏£‡∏∑‡πà‡∏≠‡∏á,
‡∏û‡∏ß‡∏Å,person
‡∏£‡πå,noword
‡∏•‡∏≥‡πÑ‡∏¢,
‡∏£‡∏≠,
‡∏ô‡∏µ‡πâ,stopword
‡∏£‡∏±‡∏î,
614900491,num
‡πÄ‡∏Å‡∏°,object
‡∏ô‡∏≠‡∏ô,
‡∏´‡∏£‡∏≠,stopword
‡∏Ç‡∏≤,
‡∏¢‡∏±‡∏á‡∏á‡∏±‡∏¢,question
‡πÉ‡∏Ñ‡∏£,person
‡∏≠‡πâ‡∏≠‡∏°,
‡∏û‡∏¥‡∏°‡∏û‡πå,
‡πÄ‡∏Ñ‡πÜ‡∏ö‡∏±‡πä‡∏¢,bye
‡πÇ‡∏î‡∏ô,
‡∏•‡∏∞‡∏Ñ‡∏£,object
‡πÑ‡∏´‡∏•‡πà,
‡∏õ‡∏Å‡∏ï‡∏¥,
‡∏´‡∏ô‡πâ‡∏≤,
‡πÇ‡∏≠,noword
‡∏´‡∏ô‡πâ‡∏≤‡∏ï‡∏≤,
‡πÄ‡∏à‡πá‡∏ö‡∏ó‡πâ‡∏≠‡∏á,
‡∏≠‡∏∑‡πà‡∏ô,noword
‡πÄ‡∏•‡∏¥‡∏Å‡∏Å‡∏±‡∏ô,
‡∏™‡∏±‡∏Å,
‡πÄ‡∏ò‡∏≤,noword
‡∏™‡∏≠‡∏ö,
‡πÄ‡∏ó‡πà‡∏≤‡πÑ‡∏´‡∏£‡πà,question
‡∏•‡πâ‡∏û,noword
‡∏á‡∏≠‡∏ô,
‡πÄ‡∏•‡πà‡∏ô,
‡∏´‡∏ô‡πà‡∏≠‡∏¢,stopword
‡∏Å‡∏•‡∏±‡∏ö,stopword
‡∏ä‡∏¥,stopword
‡∏Å‡πá‡∏î‡∏µ,stopword
‡∏õ‡∏µ‡πÉ‡∏´‡∏°‡πà,date
‡πÅ‡∏•‡πâ‡∏ß,stopword
‡∏à‡∏µ‡πâ,noword
‡πÄ‡∏î‡πà,noword
up,stopword
‡∏î‡∏π,
‡∏´‡∏ô‡∏µ,
‡∏ä‡πà‡∏ß‡∏¢,
‡πÄ‡∏Ñ‡∏≤,noword
‡πÄ‡∏á‡∏µ‡∏¢‡∏ö,
‡∏ú‡∏°,person
‡∏ó‡∏≥,stopword
‡∏ï‡∏±‡πâ‡∏á‡πÄ‡∏ß‡∏•‡∏≤,
‡∏õ‡πà‡∏≤‡∏ß,deny
--,noword
‡∏ó‡∏µ‡πà‡∏™‡∏∏‡∏î,stopword
‡∏Ç‡πâ‡∏≤‡∏ß,food
‡∏ô‡πà‡∏≤‡∏£‡∏±‡∏Å,
??????????,noword
‡∏°‡∏¥‡πâ‡∏á,noword
‡∏û‡∏≤,stopword
‡πÉ‡∏à,
‡∏ó‡∏≤‡∏á‡∏ï‡∏£‡∏á,
‡πÄ‡∏û‡πâ‡∏≠,emotion
‡πÄ‡∏®‡∏£‡πâ‡∏≤,emotion
‡∏Ç‡∏≠‡∏á,stopword
‡∏à‡∏¥‡∏ô,person
‡∏Å‡∏£‡∏∞,noword
‡∏ô‡∏¥‡∏ß,person
‡πÄ‡∏•‡∏∑‡∏≠‡∏Å,
black,
‡∏Å‡∏≤‡∏£,stopword
‡∏Å‡∏™‡∏¥,noword
‡πÄ‡∏Å‡∏¥‡∏î,
‡πÄ‡∏™‡∏£‡∏¥‡∏°,
‡∏£‡∏±‡∏Å,
‡πÜ‡πÜ,noword
‡∏î‡∏¥‡πâ,noword
‡∏≠‡∏≤‡∏ß‡∏∏‡πÇ‡∏™,
‡∏î‡πâ‡∏ß‡∏¢‡∏Å‡∏±‡∏ô,
55555,noword
‡∏¢‡∏¢‡∏¢,noword
‡∏´‡∏°‡∏≤‡∏¢‡∏ñ‡∏∂‡∏á,
‡∏´‡∏ô‡∏±‡∏Å,
‡∏û‡∏π‡∏î‡πÄ‡∏Å‡πà‡∏á,
‡πÅ‡∏ï‡∏Å,
‡πÄ‡∏ï‡∏∞,
‡∏¢‡∏≤‡∏Å,
‡∏ò‡∏á‡πÑ‡∏ï‡∏£‡∏£‡∏á‡∏Ñ‡πå,
‡∏†‡∏≤‡∏©‡∏≤‡∏≠‡∏±‡∏á‡∏Å‡∏§‡∏©,
‡πÜ‡πÜ‡πÜ‡πÜ‡πÜ,noword
‡∏ï‡∏£‡∏á‡∏ô‡∏±‡πâ‡∏ô,place
‡∏ñ‡∏π‡∏Å,
‡πå,noword
‡∏õ‡∏ß‡∏î‡∏´‡∏±‡∏ß,
‡∏ó‡∏±‡πâ‡∏á‡∏™‡∏≠‡∏á,
‡πÅ‡∏ô‡∏ß,
the,stopword
‡∏õ‡∏£‡∏∞‡πÄ‡∏ó‡∏®‡πÑ‡∏ó‡∏¢,country
‡πÅ‡∏Ñ‡πà‡∏ô‡∏µ‡πâ,stopword
‡∏ï‡∏•‡∏≤‡∏î,
‡∏™‡∏≠‡∏ô,
‡∏Æ‡∏∑‡∏≠,emotion
‡∏ä‡∏∑‡πà‡∏≠,
555,laugh
‡∏ô‡∏¥,stopword
keyboard,product
‡∏Ñ‡∏ß‡∏≤‡∏°,stopword
‡∏ö‡∏£‡∏¥‡∏©‡∏±‡∏ó,
‡πÉ‡∏´‡πâ‡∏ö‡∏£‡∏¥‡∏Å‡∏≤‡∏£,
‡∏Ç‡∏≠‡∏á‡∏Ç‡∏ß‡∏±‡∏ç,object
‡∏´‡∏∂‡∏´‡∏∂,stopword
‡∏≠‡∏¢‡∏π‡πà,stopword
of,stopword
‡πÄ‡∏Ñ‡∏¢,stopword
‡∏ü‡∏ü‡πÜ‡πÜ‡πÜ,noword
‡∏Å‡πâ‡∏≠‡∏á,person
‡πÄ‡πÄ‡∏•‡πâ‡∏ß,stopword
‡πÄ‡∏´‡∏°‡∏∑‡∏≠‡∏ô‡∏Å‡∏±‡∏ô,
‡∏à‡∏∞,stopword
‡∏ï‡πâ‡∏≠‡∏á,stopword
‡∏ô‡πà‡∏≤,stopword
‡∏à‡∏±‡∏Å‡∏£,object
‡πÄ‡πÄ‡∏ô‡πà,stopword
‡∏Ñ‡∏ô‡∏î‡∏µ,person
‡∏ã‡∏∑‡πâ‡∏≠,
‡∏î‡∏î‡∏î‡∏î‡∏î,noword
‡∏¢‡∏≤‡∏á,deny
‡∏Å‡πà‡∏≠‡∏ô,
‡∏Å‡πâ‡∏£‡∏∏‡πâ,stopword
‡πÄ‡∏î‡∏µ‡πã‡∏¢‡∏ß‡∏Å‡πà‡∏≠‡∏ô,stopword
‡∏™‡∏á‡∏Å‡∏£‡∏≤‡∏ô‡∏ï‡πå,date
‡πÄ‡∏ï‡∏£‡∏µ‡∏¢‡∏°,
‡∏≠‡∏∞‡πÑ‡∏£,question
‡∏à‡∏±‡∏á,stopword
‡πÄ‡∏â‡∏¢,stopword
‡∏ú‡∏¥‡∏î,deny
‡∏°‡∏≤‡∏´‡∏≤,
‡πÑ‡∏°‡πà‡∏°‡∏µ,deny
‡∏à‡πâ‡∏∞,stopword
‡∏ä‡∏µ‡∏ß‡∏¥‡∏ï,
‡∏ä‡πà‡∏≤‡∏á‡∏°‡∏±‡∏ô,
‡πÇ‡∏≠‡∏Å‡∏≤‡∏™,
‡∏≤,noword
**,noword
~~~,noword
‡πÄ‡∏•‡∏Ç,num
‡πÇ‡∏£‡∏á‡πÅ‡∏£‡∏°,
‡∏Ñ‡∏∑‡∏≠,stopword
‡πÄ‡∏™‡∏ô‡∏≠,
‡∏á‡∏∑‡∏≠‡πÜ‡πÜ‡πÜ,stopword
a,noword
‡πÄ‡∏õ‡πâ,noword
‡∏Å,noword
`,noword
‡∏á‡πâ‡∏≠,
‡∏Ñ‡∏≥,
‡∏ó‡∏≥‡∏á‡∏≤‡∏ô‡∏ï‡πà‡∏≠,
‡∏°‡∏±‡∏Ñ‡πÄ,noword
55,laugh
‡πÑ‡∏°‡πà‡πÄ‡∏´‡πá‡∏ô,
‡∏£‡∏¥,noword
‡∏¢‡πà‡∏π,noword
‡πÄ‡∏°‡∏∑‡πà‡∏≠‡πÑ‡∏£,question
‡∏´‡∏≤‡∏¢,
and,stopword
55555555,laugh
‡∏î‡∏£‡∏≤‡∏°‡πà‡∏≤,
‡∏ô‡∏≠‡∏ô‡πÑ‡∏°‡πà‡∏´‡∏•‡∏±‡∏ö,
‡πÄ‡∏ö‡∏∑‡πà‡∏≠,
‡πÄ‡∏¢,noword
‡∏≠‡∏Å,noword
‡∏´,noword
‡∏ô‡∏¥‡∏î‡∏ô‡∏∂‡∏á,
‡πÄ‡∏õ‡πá‡∏ô‡πÄ‡∏û‡∏∑‡πà‡∏≠‡∏ô,
‡∏à‡∏∏‡πä‡∏ö,
‡πÇ‡∏Ñ,object
‡πÄ‡∏ô‡πá‡∏ï,object
‡∏ï‡∏£‡∏á‡∏ô‡∏µ‡πâ,
‡∏ï‡∏∑‡πà‡∏ô,
‡πÑ‡∏°‡πà‡∏à‡∏≥‡πÄ‡∏õ‡πá‡∏ô,deny
‡∏ä‡∏≤‡∏¢,person
‡πÅ‡∏•‡πâ,noword
‡πÅ‡∏≠‡∏î,
‡∏á,noword
your,person
‡∏Ç‡∏∂‡πâ‡∏ô‡∏õ‡∏µ‡πÉ‡∏´‡∏°‡πà,date
‡πÑ‡∏°‡πà‡πÅ‡∏ô‡πà‡πÉ‡∏à,deny
for,stopword
‡πÄ‡∏Å‡πá‡∏ö,
‡∏ã‡πâ‡∏≤‡∏¢,
‡∏™‡∏î‡∏µ,noword
‡∏≠‡∏≠‡∏Å,
‡πÄ‡∏™‡∏¥‡∏ô,noword
‡∏î‡∏¥,stopword
‡∏Ñ‡∏∏‡∏¢,
‡∏ô‡∏ß‡∏•,
‡∏∞,noword
‡∏û‡∏∂‡πà‡∏á,
‡∏†‡∏≤‡∏©‡∏≤,
‡∏à‡∏∏‡πâ,stopword
‡πÇ‡∏ï,
‡∏ï‡∏±‡πâ‡∏á‡∏ä‡∏∑‡πà‡∏≠,
‡πÄ‡∏£‡∏∑‡πà‡∏≠‡∏á,
‡∏Ñ‡∏≤‡∏ô,object
‡∏û‡∏≠‡∏á,
‡∏ä‡∏±‡∏Å,
‡∏û‡∏•,noword
‡∏´‡∏°‡∏Å‡∏°‡∏∏‡πà‡∏ô,
‡∏ñ‡∏≠‡∏î,
‡∏≠‡∏¥‡∏≠‡∏¥,stopword
‡∏Ñ‡∏ô‡πÄ‡∏î‡∏µ‡∏¢‡∏ß,
‡πÅ‡∏•‡πâ‡∏ß‡πÅ‡∏ï‡πà,
‡∏°‡∏Å‡∏£‡∏≤‡∏Ñ‡∏°,month
‡∏ä‡πà‡∏≤‡∏¢,ok
‡πÅ‡∏Ñ‡πà,stopword
‡πÄ‡∏´,noword
‡∏•‡∏≤,bye
‡∏ñ‡πà‡∏≤‡∏ô‡πÑ‡∏ü,
‡πÄ‡∏Ç‡πâ‡∏≤‡πÉ‡∏à,
‡∏ß‡∏±‡∏ô‡∏´‡∏ô‡∏∂‡πà‡∏á,
‡∏ö‡∏≤,noword
‡∏ó‡∏≥‡πÑ‡∏°,question
‡πÄ‡∏ï‡πâ‡∏≤,noword
‡∏´‡∏ß‡∏¢,
‡∏Å‡∏∏,person
‡∏ó‡∏µ,stopword
‡∏Å‡∏∞,stopword
‡πÄ‡∏£‡∏µ‡∏¢‡∏ô‡∏à‡∏ö,
‡∏™‡∏á‡∏™‡∏±‡∏¢,
‡πÅ‡∏õ,noword
‡∏¢‡∏±‡∏á,stopword
‡∏´‡πâ‡∏≤‡∏°,
‡∏à‡∏±‡∏•,noword
‡πÄ‡∏î‡∏¥‡∏ô‡πÄ‡∏£‡∏∑‡∏≠,
‡∏û‡∏¢‡∏≤‡∏¢‡∏≤‡∏°,
‡πÄ‡∏à‡∏≠‡∏Å‡∏±‡∏ô,
‡∏¢‡∏±‡∏á‡πÑ‡∏á,question
‡∏õ,noword
‡∏£‡πâ‡∏≠‡∏ô,
‡πÄ‡∏≠‡πã,
‡∏ô‡∏≤‡∏¢‡∏Å,person
‡∏Ñ‡∏ß‡∏≤‡∏°‡∏™‡∏∏‡∏Ç,
‡∏™‡∏°‡∏≤‡∏™,stopword
‡∏°‡∏£‡∏∂‡∏á,person
‡πÉ‡∏ä‡πâ,
‡∏á‡∏µ‡πâ,stopword
‡πÄ‡∏•‡∏¥‡∏Å,
‡∏Ñ‡πà‡∏≠‡∏¢,
‡∏ï‡∏±‡∏á,
‡∏ô‡∏±‡πà‡∏á‡∏™‡∏°‡∏≤‡∏ò‡∏¥,
‡πÇ‡∏´‡∏•,greeting
‡πÑ‡∏ä‡πà,
‡πÑ‡∏°‡πÇ‡∏Ñ‡∏£‡πÄ‡∏ß‡∏ü,product
motorcycle,product
‡∏ä‡πà‡∏≠‡∏á,
‡∏ö‡∏±‡∏ï‡∏£,object
‡∏°‡∏∑‡∏≠‡∏ñ‡∏∑‡∏≠,product
‡∏à‡πä‡∏∞,stopword
‡∏´‡∏ô‡∏±‡∏á,object
‡πÄ‡πÄ‡∏ô‡πà‡∏ô‡∏≠‡∏ô,
‡∏î‡∏µ,
‡∏à‡∏¥‡∏á,
‡∏ô‡πâ‡∏∞,stopword
‡∏ã‡∏∞,stopword
‡πÇ‡∏≠‡πã,
‡∏Æ‡∏¥‡πâ‡∏ß‡πÜ‡πÜ‡πÜ‡πÜ‡πÜ‡πÜ‡πÜ,stopword
Hello,greeting
‡∏ä‡πà‡∏≤‡∏á,
‡∏î‡∏π‡∏î‡∏ß‡∏á,
‡∏ß‡∏¥‡πà‡∏á,
‡∏™‡∏ß‡∏ô,
‡∏ï‡∏≠‡∏ô‡∏ô‡∏µ‡πâ,time
‡∏ä‡πâ‡∏∞,stopword
‡πÄ‡∏ö‡∏Å‡πÉ‡∏Å,noword
+,noword
‡∏ß‡∏á,noword
‡∏Ñ‡∏≠‡∏°,product
people,person
‡πÄ‡∏û‡∏¥‡πà‡∏á,
‡πÄ‡∏´‡∏°‡∏∑‡∏≠‡∏ô‡πÄ‡∏î‡∏¥‡∏°,
‡∏ß‡πà‡∏≤,stopword
‡∏Ñ‡∏≥‡∏ï‡∏≠‡∏ö,
‡∏£‡∏∞‡∏ö‡∏ö,product
‡∏´‡∏£‡πâ,noword
‡πÇ‡∏ó,
‡πÄ‡∏û‡∏∑‡πà‡∏≠‡∏ô,person
‡πÇ‡∏≠‡πÄ‡∏Ñ,
‡∏Ç‡∏≤‡∏¢,
‡πÑ‡∏°‡πà‡∏£‡∏π‡πâ,deny
city,place
‡∏≠‡∏î‡∏ó‡∏ô,
‡∏ó‡∏±‡∏Å,
‡∏Æ‡∏±‡∏ö,stopword
‡∏ó‡∏≤‡∏á‡∏Å‡∏≤‡∏£,
‡πÅ‡∏´‡∏ô,
‡∏á‡∏≤‡∏¢,stopword
‡πÇ‡∏•‡∏Å,
‡∏ï‡πà‡∏≠‡∏¢,
‡πÄ‡∏£‡∏≤,person
‡∏•‡πâ‡∏≠,
‡πÄ‡∏ï‡πâ,noword
‡∏£‡∏µ‡πà,noword
‡∏Ç‡∏ô‡∏≤‡∏î,
641587998,number
‡πÑ‡∏•‡πà,
‡πÅ‡∏à‡πá‡∏Ñ,person
‡∏ó‡∏≠‡∏á‡πÅ‡∏î‡∏á,object
‡∏•‡πâ‡πà‡∏≤,noword
‡∏≠‡∏≠‡∏Å‡∏°‡∏≤,
‡πÑ‡∏°‡πà‡∏°‡∏µ‡∏ó‡∏≤‡∏á,deny
‡πÅ‡∏ö‡∏ö‡∏ô‡∏µ‡πâ,stopword
‡πÄ‡∏Ñ‡πâ‡∏≤,person
‡∏ó‡∏∏‡πà‡∏°,
‡∏ô,noword
‡∏ï‡∏£‡∏á‡πÑ‡∏´‡∏ô,
‡∏≠‡∏≠‡∏Å‡∏à‡∏∞,stopword
‡πÑ‡∏°‡πà‡πÑ‡∏î‡πâ‡πÄ‡∏£‡∏∑‡πà‡∏≠‡∏á,
‡∏™‡∏≤‡∏Ç‡∏≤,
‡πÇ‡∏õ‡∏£,
‡∏ö‡∏≠‡∏Å‡πÄ‡∏•‡∏¥‡∏Å,
‡∏á‡πà‡∏ß‡∏á‡∏ô‡∏≠‡∏ô,
‡∏ä‡∏≠‡∏ö,
^,noword
‡πÅ‡∏ó‡∏ô,
‡∏´‡∏£‡∏∑‡∏≠‡∏¢‡∏±‡∏á,
‡∏ó,noword
‡∏£‡∏π‡πâ‡∏ï‡∏±‡∏ß,
‡πÑ‡∏´‡πâ,
‡∏Ñ‡∏á,stopword
‡∏Å‡∏•‡∏±‡∏ß,
‡∏Å‡∏±‡∏ö,stopword
‡∏≠‡∏∑‡∏≠,stopword
‡πÅ‡∏Æ‡∏õ‡∏õ‡∏µ‡πâ,
‡∏ä‡∏°,
‡πÄ‡∏Ç‡πâ‡∏≤,
‡πÑ‡∏°‡πà,deny
‡∏û‡∏π‡∏î‡∏°‡∏≤‡∏Å,
‡∏Æ‡πà‡∏≤,laugh
‡∏•‡πà‡∏∞,stopword
‡πÄ‡∏´‡∏ô‡∏∑‡πà‡∏≠‡∏¢,
‡∏ó‡∏≥‡∏á‡∏≤‡∏ô‡∏ö‡πâ‡∏≤‡∏ô,
‡∏Ñ‡∏ô‡∏≠‡∏∑‡πà‡∏ô,person
‡∏â‡∏µ‡πà,
‡∏Ñ‡∏ô‡∏ï‡πà‡∏≤‡∏á‡∏ä‡∏≤‡∏ï‡∏¥,person
‡∏°‡∏•‡∏≤‡∏¢‡∏π,
Female,person
‡∏Å‡∏±‡∏ô,stopword
‡∏Ñ‡∏∑‡∏ô‡∏î‡∏µ,
‡∏•,noword
‡πÅ‡∏Ñ‡πà‡∏ô‡∏±‡πâ‡∏ô,noword
‡∏£‡∏≤‡∏¢‡πÑ‡∏î‡πâ,
‡πÇ‡∏ó‡∏î,
‡∏Å‡πâ...,stopword
‡∏ä‡∏∑‡πà‡∏≠‡∏ß‡πà‡∏≤,
‡∏≠‡∏≤‡∏Å‡∏≤‡∏®,
‡∏≠‡∏™‡∏¥,noword
‡∏Ñ‡∏ö,
.,noword
‡∏õ‡∏∞,noword
‡∏´‡∏•‡∏≤‡∏¢,
‡∏î‡πâ‡∏ß‡∏¢,
‡∏≠‡πà‡∏≠‡∏¢,
‡πÅ‡∏õ‡∏•,
‡∏Ñ‡∏∏‡πâ‡∏°,
chat,
‡∏ô‡πâ‡∏≤‡∏ô,stopword
‡∏ù‡∏ô‡∏ï‡∏Å,
‡πÉ‡∏ä‡πà‡πÑ‡∏´‡∏°,question
‡πÄ‡∏ä‡πâ‡∏≤‡∏ô‡∏µ‡πâ,time
‡πÄ‡∏ö‡∏≠‡∏£‡πå,
‡∏´‡∏±‡∏ß‡πÉ‡∏à,
‡∏ù‡∏±‡∏ô‡∏î‡∏µ,
‡∏Å‡∏¥‡∏ô,food
‡∏î‡∏µ‡∏Å‡∏±‡∏ô,
‡∏¢‡πå,noword
‡πÅ‡∏Ñ,noword
‡∏Å‡∏•‡∏±‡∏ö‡∏ö‡πâ‡∏≤‡∏ô,
‡∏ß‡πâ‡∏≤‡∏¢,stopword
‡∏ñ‡∏≤‡∏°,question
‡∏≠‡∏¢‡∏≤‡∏Å‡∏£‡∏π‡πâ,
‡∏Ñ‡∏≤,noword
‡∏ó‡∏≥‡∏á‡∏≤‡∏ô,
‡∏≠‡∏≤‡∏´‡∏≤‡∏£,food
‡πÅ‡∏ß‡πâ‡∏ß,stopword
‡∏™‡∏≤,noword
‡∏°‡∏±‡πâ‡∏¢,question
‡πÇ‡∏≠‡∏ä‡∏≤,noword
‡∏ï‡∏≠‡∏ö,
‡∏°‡∏µ,ok
‡∏¢‡∏∑‡∏ô,
‡∏Å‡∏£‡∏≠‡∏á,
‡∏Å‡∏≥‡∏•‡∏±‡∏á‡∏à‡∏∞,stopword
‡πÄ‡∏õ‡πá‡∏ô‡∏Ñ‡∏£‡∏±‡πâ‡∏á‡πÅ‡∏£‡∏Å,time
‡∏°‡∏±‡πà‡∏ß,
‡πÉ‡∏ä‡πà,ok
‡πÄ‡∏™‡∏î,stopword
üòÅ,stopword
‡∏£‡∏±‡∏ä,noword
‡∏ï‡∏±‡πâ‡∏á,noword
‡∏•‡∏≤‡∏Å‡∏¥‡∏à,
....,noword
‡∏ó‡∏µ‡πà,stopword
‡∏™‡∏≠‡∏ö‡∏ñ‡∏≤‡∏°,question
‡∏≠‡πà‡∏≤‡∏ô,
‡∏≠‡∏°,
‡πÄ‡∏ó‡∏µ‡πà‡∏¢‡∏á,
‡∏´‡∏ô,noword
‡∏™‡∏£‡∏∏‡∏õ,
‡∏£‡∏π‡πâ‡πÄ‡∏£‡∏∑‡πà‡∏≠‡∏á,
‡πÄ‡∏î‡∏¥‡∏°,
‡∏¢‡∏∏‡πà‡∏á,
‡∏£‡∏∞‡∏ö‡∏≤‡∏¢,
‡∏ï‡∏±‡∏ß‡πÄ‡∏≠‡∏á,person
‡πÄ‡∏ä‡∏µ‡∏¢‡∏ß,
‡∏≠‡∏≤‡∏ö‡∏ô‡πâ‡∏≥,
‡πÄ‡∏°‡∏≤‡∏£‡∏ñ,
‡∏î‡∏ß‡∏á,
‡∏Å‡∏ß‡πà‡∏≤,stopword
‡πÄ‡∏ß‡πà‡∏≤,
‡∏ö‡∏≠‡∏Å,
‡πÇ‡∏ï‡πä‡∏¢,noword
‡∏ú‡∏π‡πâ‡∏ä‡∏≤‡∏¢,person
‡∏™‡∏°‡∏≠‡∏á,object
‡∏ß‡πâ‡∏≤‡∏ß,stopword
‡∏™‡∏±‡∏ç‡∏ç‡∏≤,
‡∏™‡∏¥‡∏ô‡∏Ñ‡πâ‡∏≤,product
‡∏Å‡∏≥‡∏•‡∏±‡∏á‡πÉ‡∏à,
‡∏á‡∏∑‡∏≠‡πÜ,stopword
‡∏Å‡∏•‡∏≤‡∏á,
‡∏õ‡∏•‡∏∏‡∏Å,
‡∏ñ‡∏∂‡∏á,
‡πÄ‡∏£‡∏¥‡πà‡∏°,stopword
‡∏£‡∏π‡πâ‡∏à‡∏±‡∏Å,
‡∏û‡∏µ‡πà‡∏ä‡∏≤‡∏¢,person
one,num
‡∏°‡πà,noword
‡πÄ‡∏õ‡∏•‡πà‡∏≤,deny
‡πÑ‡∏õ‡∏´‡∏≤,
advertising-downtown-signage-display,product
‡πÄ‡∏õ‡πà‡∏≤,
‡∏ô‡∏≠‡∏Å‡πÉ‡∏à,
‡∏≤‡∏≤‡∏≤,noword
‡∏Ñ‡∏≠‡∏¢,
‡∏ï‡∏≠‡∏ô‡πÄ‡∏ä‡πâ‡∏≤,time
‡∏ï‡∏∞‡πÄ‡∏≠‡∏á,person
‡∏õ‡∏•‡∏≠‡∏ö,
‡∏≠‡πà‡∏∞,noword
‡∏õ‡∏£‡∏∞‡πÄ‡∏ó‡∏®,
‡∏à‡πâ‡∏≤,ok
‡∏ô‡∏≤‡∏á‡πÄ‡∏≠‡∏Å,person
‡πÜ‡πÜ‡πÜ‡πÜ‡πÜ‡πÜ‡πÜ‡πÜ,noword
‡∏û‡∏ô‡∏±‡∏Å‡∏á‡∏≤‡∏ô,person
‡∏°‡πà‡∏≤,noword
‡∏°‡∏´‡∏≤‡∏£‡∏≤‡∏ä,person
‡πÄ‡∏´‡∏°‡πà,noword
‡∏£‡∏µ,noword
‡∏ü‡∏±‡∏á,
‡πÄ‡∏´‡∏•‡πâ‡∏≤,drink
‡∏ô‡∏µ‡πâ‡πÅ‡∏´‡∏•‡∏∞,stopword
‡∏°‡∏µ‡πÄ‡∏£‡∏∑‡πà‡∏≠‡∏á,
‡∏Ñ,noword
‡∏•‡∏≥,noword
‡∏£‡∏∂,
‡∏Ñ‡∏¥‡∏î‡∏°‡∏≤‡∏Å,
‡πÄ‡∏î‡∏ü,
‡∏ö‡πâ‡∏≤,
‡πÅ‡∏ö‡∏Å,
‡∏™‡∏≤‡∏¢,time
‡∏Å‡∏ß‡∏ô,
‡πÅ‡∏´‡∏•‡∏∞,stopword
voip,product
‡∏™‡∏ô‡∏∏‡∏Å,
‡∏≠‡πâ‡∏ß‡∏Å,
‡∏´‡∏π‡∏â‡∏•‡∏≤‡∏°,object
‡∏Ç‡∏∂‡πâ‡∏ô,stopword
‡∏°‡∏±‡πâ‡∏á,
‡πÇ‡∏≠‡πâ‡∏¢,stopword
‡∏∞‡∏∞,noword
‡∏ï‡∏≤‡∏¢,
‡∏´‡∏ß‡∏±‡∏î,
‡πÑ‡∏°,question
‡∏≠,noword
‡πÅ‡∏ß‡∏∞,stopword
5555555,laugh
‡∏ä‡∏≤‡∏ß‡πÄ‡∏Å‡∏≤‡∏∞,person
‡πÄ‡∏™‡∏µ‡∏¢‡∏á,
‡πÄ‡∏°‡∏∑‡πà‡∏≠‡πÑ‡∏´‡∏£‡πà,question
‡πÄ‡∏Å‡∏•‡∏µ‡∏¢‡∏î,emotion
‡∏™,noword
‡πÅ‡∏ö‡πâ,noword
‡∏™‡∏™,noword
‡πÄ‡∏Å‡∏∑‡∏≠‡∏ö,stopword
‡∏ú‡∏µ,person
‡πÉ‡∏´‡πâ,
‡∏ú‡πà‡∏≤‡∏ô,
‡∏™‡πà‡∏á,
‡πÄ‡∏™‡∏∑‡∏≠‡∏î‡∏≥,animal
‡∏™‡∏î,
‡∏Å‡∏•‡∏±‡∏ö‡∏°‡∏≤,
‡πÅ‡∏î‡∏Å,food
‡∏°‡∏±‡∏ô,
‡∏Ç‡∏≠,
‡∏ô‡∏≤‡∏ô,
‡πÄ‡∏£‡πâ‡∏≤,noword
‡∏õ‡πà‡∏≤,place
‡∏ä‡∏¥‡πâ‡∏ô,stopword
‡∏ö‡∏≠,noword
‡∏ú‡∏≤‡∏Å,noword
‡πÜ,noword
‡πÄ‡∏ñ,noword
‡∏Ñ‡∏ô,person
‡∏°‡∏≤‡∏¢,person
‡∏´‡∏¢‡∏≠‡∏Å,
‡πÄ‡∏Ñ‡∏£‡∏µ‡∏¢‡∏î,emotion
‡πÄ‡∏≠‡πâ‡∏≤,stopword
‡πÑ‡∏î‡πâ,ok
‡∏´‡∏°,noword
‡πÄ‡∏ö‡∏µ‡∏¢‡∏£‡πå,drink
üò¢,emotion
‡∏™‡∏ô‡πÉ‡∏à,
‡πÑ‡∏ß,stopword
‡πÄ‡∏ä‡πá‡∏Ñ,
‡πÅ‡∏õ‡∏ö,stopword
‡∏•‡∏∞,stopword
‡∏ô‡πâ‡∏≥,object
‡πÄ‡∏ó,
‡∏ß,noword
k-pop,
‡∏ô‡∏∂‡∏Å‡∏ñ‡∏∂‡∏á,
‡∏Å‡∏Å,noword
‡πÄ‡πÄ‡∏Ñ‡πà,stopword
‡∏£‡∏π‡πâ,
‡πÑ‡∏´‡∏ô,question
red,
‡∏ù‡∏±‡∏ô,
‡πÄ‡∏•‡∏¢‡πÄ‡∏ß‡∏•‡∏≤,
‡∏£‡∏≥,
‡∏ö‡∏≤‡∏¢,bye
‡∏´‡∏≠,place
‡∏ó‡∏µ‡πà‡πÅ‡∏•‡πâ‡∏ß,
‡∏£‡∏π‡πâ‡∏≠‡∏¢‡∏π‡πà,
‡πÄ‡∏¢‡∏≠‡∏∞,
landscape,place
‡∏£‡∏≤‡∏¢‡∏•‡∏∞‡πÄ‡∏≠‡∏µ‡∏¢‡∏î,
‡∏Å‡∏°,noword
‡πÇ‡∏£‡∏á‡πÄ‡∏£‡∏µ‡∏¢‡∏ô,
‡πÑ‡∏Å‡πà,
‡∏£‡πâ‡∏≠‡∏á,
‡πÄ‡∏õ‡πá‡∏ô‡∏ö‡πâ‡∏≤,
‡πÇ‡∏ó‡∏£,
‡∏≠‡πà‡∏≤,ok
‡πÄ‡∏´‡∏≠‡∏∞,stopword
‡∏´‡∏£‡∏∑‡∏≠,stopword
‡∏≠‡∏≠‡∏Å‡∏ô‡∏≠‡∏Å‡πÄ‡∏£‡∏∑‡πà‡∏≠‡∏á,
‡∏á‡πà‡∏ß‡∏á,
‡πÅ‡∏ï‡πà‡∏á‡∏á‡∏≤‡∏ô,
‡∏ã‡∏µ,noword
‡πÄ‡∏£‡∏µ‡∏¢‡∏Å,stopword
‡∏™‡∏¥,stopword
‡∏á‡∏±‡πâ‡∏ô,stopword
‡πÄ‡∏î‡∏µ‡πã‡∏¢‡∏ß,stopword
paplm,person
‡πÄ‡∏à‡πá‡∏ö,
‡∏Ñ‡πâ‡∏≤‡∏á,stopword
‡∏£‡∏¥‡∏°‡∏ó‡∏∞‡πÄ‡∏•,place
555555,laugh
‡∏ó‡∏¥,noword
‡∏ó‡∏±‡πâ‡∏á,stopword
‡πÄ‡∏´‡∏°‡∏≤‡∏∞‡∏™‡∏≥‡∏´‡∏£‡∏±‡∏ö,stopword
‡πÑ‡∏´‡∏°,question
‡∏Å‡πâ,stopword
‡πÄ‡∏ã,noword
‡∏£‡πà‡∏≤,noword
‡∏Ñ‡∏ß‡∏≤‡∏°‡∏Ñ‡∏¥‡∏î,
‡∏ó‡∏≤‡∏á,stopword
‡∏ï‡∏¥‡∏î‡∏ï‡πà‡∏≠,
‡πÄ‡∏õ‡∏¥‡∏î,
‡∏°‡∏∑‡∏≠,
‡∏≠‡∏±‡∏ô,noword
‡∏Å‡πá,stopword
‡πÄ‡πÄ‡∏ü,noword
‡∏û‡∏∏‡∏î,
‡∏ä‡πâ‡∏≤‡∏á,animal
posing,stopword
‡∏¢‡∏≤‡∏ß,
‡∏ä‡∏ß‡∏ô,stopword
‡∏à‡∏≥,
‡∏ä‡∏≤‡∏ï‡∏¥,
face-nose-image-head-arm-advertising-organ-abdomen-brand-screenshot,object
‡πÄ‡∏¢‡∏µ‡∏¢,noword
‡∏•‡∏≠‡∏á,
‡∏ï‡πâ‡∏≠‡∏á‡∏Å‡∏≤‡∏£,stopword
‡πÄ‡∏ö‡∏•‡∏≠,
............,stopword
‡∏à‡∏µ‡∏ö,
‡∏õ‡∏£‡∏∞‡∏ï‡∏π,object
‡∏Å‡πâ‡∏≠,stopword
‡∏†‡∏≤‡∏Ñ,
‡∏ß‡πà‡∏∞,stopword
‡∏ó‡∏≤‡∏°,
‡∏Ñ‡πà‡∏∞,stopword
‡∏ö‡∏∏‡πã‡∏°,person
‡∏Å‡∏≥‡∏´‡∏ô‡∏î‡πÉ‡∏´‡πâ,
‡∏¢‡∏¢,noword
‡πÄ‡∏Ç‡πâ‡∏≤‡πÑ‡∏õ,
‡πÅ‡∏Å,person
‡∏Ñ‡πà‡∏≠‡∏¢‡πÜ,stopword
name,person
‡πÄ‡∏ó‡πà‡∏≤‡πÑ‡∏£,question
‡πÄ‡∏î‡∏¥‡∏ô,
‡∏Ñ‡∏£‡∏µ‡∏°,product
‡πÄ‡∏≠‡∏á,stopword
‡∏î‡πà‡∏≤,
‡∏Å‡∏•‡∏∑‡∏ô‡∏ô‡πâ‡∏≥‡∏•‡∏≤‡∏¢,
‡πÉ‡∏ô,
‡∏≠‡∏¢‡∏≤‡∏Å,
üòù,
‡∏ô‡∏∂‡πà‡∏á,
‡πÑ‡∏°‡πà‡πÑ‡∏î‡πâ,deny
‡∏ï‡∏µ,
‡∏Å‡∏µ‡πà,question
‡∏î‡∏≤‡∏ß,
‡∏á‡∏∑‡∏°‡∏°‡∏°‡∏°,ok
‡πÅ‡∏ï‡πà,stopword
‡∏ï‡πâ‡∏ô‡πÑ‡∏°‡πâ,object
‡πÄ‡∏à‡∏≠,
‡πÄ‡∏Å‡πá‡∏ö‡πÄ‡∏á‡∏¥‡∏ô,
‡∏Æ‡∏≤,laugh
‡πÄ‡∏õ‡πá‡∏ô,stopword
‡∏Å‡πà‡∏≠‡∏ï‡∏±‡πâ‡∏á,
‡πÄ‡∏´‡πâ‡∏¢,stopword
‡∏ï‡∏≠‡∏ô,
‡πÄ‡∏Ñ‡∏£‡∏∑‡πà‡∏≠‡∏á,
‡∏ö‡πâ‡∏≤‡∏ö‡∏≠,deny
‡∏î‡∏µ‡∏Å‡∏ß‡πà‡∏≤,
‡∏Ñ‡∏≥‡∏≠‡∏∏‡∏ó‡∏≤‡∏ô,
‡∏´‡∏°‡∏≠,
‡∏£‡∏±‡∏ä‡∏™‡∏°‡∏±‡∏¢,
‡πÅ‡∏ô‡πà‡∏ô‡∏≠‡∏ô,
‡∏Å‡∏£‡∏π,person
‡∏ß‡∏∞,stopword
‡∏≠‡∏≤‡∏¢‡∏∏,
‡∏´‡∏≤‡∏ß,
‡πÄ‡∏Å‡∏¥‡∏ô‡πÑ‡∏õ,deny
‡πÑ‡∏î‡πà,noword
‡πÅ‡∏ö‡∏ö,stopword
‡πÄ,noword
‡πÄ‡∏î‡πâ‡∏≠,stopword
‡πÑ‡∏°‡πà‡πÑ‡∏´‡∏ß,deny
‡∏¢‡πà‡∏∞,stopword
‡∏£‡∏ï,noword
‡∏°‡∏±‡πä‡∏¢,question
‡∏à‡∏£‡∏¥‡∏á,ok
‡πÄ‡∏´‡∏°‡∏∑‡∏≠‡∏ô,
‡∏ô‡∏∞,stopword
‡∏≠‡∏∞,stopword
‡∏à‡∏≥‡πÑ‡∏î‡πâ,
‡πÄ‡∏Ñ‡πÜ,ok
‡∏õ‡∏≤,
‡πÅ‡∏≠‡∏ö,stopword
‡∏ö,noword
‡πÄ‡∏≠‡πà‡∏¢,stopword
5555,laugh
‡∏ß‡∏±‡∏ô,date
‡∏ß‡∏±‡∏ô‡∏ó‡∏µ‡πà,date
‡∏û‡∏£‡∏∏‡πà‡∏á‡∏ô‡∏µ‡πâ,date
‡∏°‡∏∞‡∏£‡∏∑‡∏ô,date
‡πÄ‡∏°‡∏∑‡πà‡∏≠‡∏ß‡∏≤‡∏ô,date
‡∏ß‡∏≤‡∏ô‡∏ã‡∏∑‡∏ô,date
‡∏≠‡∏≤‡∏ó‡∏¥‡∏ï‡∏¢‡πå‡∏´‡∏ô‡πâ‡∏≤,date
‡∏™‡∏±‡∏õ‡∏î‡∏≤‡∏´‡πå‡∏´‡∏ô‡πâ‡∏≤,date
‡∏Å‡∏£‡∏∞‡∏ö‡∏µ‡πà,place
‡∏Å‡∏£‡∏∏‡∏á‡πÄ‡∏ó‡∏û‡∏°‡∏´‡∏≤‡∏ô‡∏Ñ‡∏£,place
‡∏Å‡∏≤‡∏ç‡∏à‡∏ô‡∏ö‡∏∏‡∏£‡∏µ,place
‡∏Å‡∏≤‡∏¨‡∏™‡∏¥‡∏ô‡∏ò‡∏∏‡πå,place
‡∏Å‡∏≥‡πÅ‡∏û‡∏á‡πÄ‡∏û‡∏ä‡∏£,place
‡∏Ç‡∏≠‡∏ô‡πÅ‡∏Å‡πà‡∏ô,place
‡∏à‡∏±‡∏ô‡∏ó‡∏ö‡∏∏‡∏£‡∏µ,place
‡∏â‡∏∞‡πÄ‡∏ä‡∏¥‡∏á‡πÄ‡∏ó‡∏£‡∏≤,place
‡∏ä‡∏•‡∏ö‡∏∏‡∏£‡∏µ,place
‡∏ä‡∏±‡∏¢‡∏ô‡∏≤‡∏ó,place
‡∏ä‡∏±‡∏¢‡∏†‡∏π‡∏°‡∏¥,place
‡∏ä‡∏∏‡∏°‡∏û‡∏£,place
‡πÄ‡∏ä‡∏µ‡∏¢‡∏á‡∏£‡∏≤‡∏¢,place
‡πÄ‡∏ä‡∏µ‡∏¢‡∏á‡πÉ‡∏´‡∏°‡πà,place
‡∏ï‡∏£‡∏±‡∏á,place
‡∏ï‡∏£‡∏≤‡∏î,place
‡∏ï‡∏≤‡∏Å,place
‡∏ô‡∏Ñ‡∏£‡∏ô‡∏≤‡∏¢‡∏Å,place
‡∏ô‡∏Ñ‡∏£‡∏õ‡∏ê‡∏°,place
‡∏ô‡∏Ñ‡∏£‡∏û‡∏ô‡∏°,place
‡∏ô‡∏Ñ‡∏£‡∏£‡∏≤‡∏ä‡∏™‡∏µ‡∏°‡∏≤,place
‡∏ô‡∏Ñ‡∏£‡∏®‡∏£‡∏µ‡∏ò‡∏£‡∏£‡∏°‡∏£‡∏≤‡∏ä,place
‡∏ô‡∏Ñ‡∏£‡∏™‡∏ß‡∏£‡∏£‡∏Ñ‡πå,place
‡∏ô‡∏ô‡∏ó‡∏ö‡∏∏‡∏£‡∏µ,place
‡∏ô‡∏£‡∏≤‡∏ò‡∏¥‡∏ß‡∏≤‡∏™,place
‡∏ô‡πà‡∏≤‡∏ô,place
‡∏ö‡∏∂‡∏á‡∏Å‡∏≤‡∏¨,place
‡∏ö‡∏∏‡∏£‡∏µ‡∏£‡∏±‡∏°‡∏¢‡πå,place
‡∏õ‡∏ó‡∏∏‡∏°‡∏ò‡∏≤‡∏ô‡∏µ,place
‡∏õ‡∏£‡∏∞‡∏à‡∏ß‡∏ö‡∏Ñ‡∏µ‡∏£‡∏µ‡∏Ç‡∏±‡∏ô‡∏ò‡πå,place
‡∏õ‡∏£‡∏≤‡∏à‡∏µ‡∏ô‡∏ö‡∏∏‡∏£‡∏µ,place
‡∏õ‡∏±‡∏ï‡∏ï‡∏≤‡∏ô‡∏µ,place
‡∏û‡∏∞‡πÄ‡∏¢‡∏≤,place
‡∏û‡∏£‡∏∞‡∏ô‡∏Ñ‡∏£‡∏®‡∏£‡∏µ‡∏≠‡∏¢‡∏∏‡∏ò‡∏¢‡∏≤,place
‡∏û‡∏±‡∏á‡∏á‡∏≤,place
‡∏û‡∏±‡∏ó‡∏•‡∏∏‡∏á,place
‡∏û‡∏¥‡∏à‡∏¥‡∏ï‡∏£,place
‡∏û‡∏¥‡∏©‡∏ì‡∏∏‡πÇ‡∏•‡∏Å,place
‡πÄ‡∏û‡∏ä‡∏£‡∏ö‡∏∏‡∏£‡∏µ,place
‡πÄ‡∏û‡∏ä‡∏£‡∏ö‡∏π‡∏£‡∏ì‡πå,place
‡πÅ‡∏û‡∏£‡πà,place
‡∏†‡∏π‡πÄ‡∏Å‡πá‡∏ï,place
‡∏°‡∏´‡∏≤‡∏™‡∏≤‡∏£‡∏Ñ‡∏≤‡∏°,place
‡∏°‡∏∏‡∏Å‡∏î‡∏≤‡∏´‡∏≤‡∏£,place
‡πÅ‡∏°‡πà‡∏Æ‡πà‡∏≠‡∏á‡∏™‡∏≠‡∏ô,place
‡∏¢‡πÇ‡∏™‡∏ò‡∏£,place
‡∏¢‡∏∞‡∏•‡∏≤,place
‡∏£‡πâ‡∏≠‡∏¢‡πÄ‡∏≠‡πá‡∏î,place
‡∏£‡∏∞‡∏ô‡∏≠‡∏á,place
‡∏£‡∏∞‡∏¢‡∏≠‡∏á,place
‡∏£‡∏≤‡∏ä‡∏ö‡∏∏‡∏£‡∏µ,place
‡∏•‡∏û‡∏ö‡∏∏‡∏£‡∏µ,place
‡∏•‡∏≥‡∏õ‡∏≤‡∏á,place
‡∏•‡∏≥‡∏û‡∏π‡∏ô,place
‡πÄ‡∏•‡∏¢,place
‡∏®‡∏£‡∏µ‡∏™‡∏∞‡πÄ‡∏Å‡∏©,place
‡∏™‡∏Å‡∏•‡∏ô‡∏Ñ‡∏£,place
‡∏™‡∏á‡∏Ç‡∏•‡∏≤,place
‡∏™‡∏ï‡∏π‡∏•,place
‡∏™‡∏°‡∏∏‡∏ó‡∏£‡∏õ‡∏£‡∏≤‡∏Å‡∏≤‡∏£,place
‡∏™‡∏°‡∏∏‡∏ó‡∏£‡∏™‡∏á‡∏Ñ‡∏£‡∏≤‡∏°,place
‡∏™‡∏°‡∏∏‡∏ó‡∏£‡∏™‡∏≤‡∏Ñ‡∏£,place
‡∏™‡∏£‡∏∞‡πÅ‡∏Å‡πâ‡∏ß,place
‡∏™‡∏£‡∏∞‡∏ö‡∏∏‡∏£‡∏µ,place
‡∏™‡∏¥‡∏á‡∏´‡πå‡∏ö‡∏∏‡∏£‡∏µ,place
‡∏™‡∏∏‡πÇ‡∏Ç‡∏ó‡∏±‡∏¢,place
‡∏™‡∏∏‡∏û‡∏£‡∏£‡∏ì‡∏ö‡∏∏‡∏£‡∏µ,place
‡∏™‡∏∏‡∏£‡∏≤‡∏©‡∏é‡∏£‡πå‡∏ò‡∏≤‡∏ô‡∏µ,place
‡∏™‡∏∏‡∏£‡∏¥‡∏ô‡∏ó‡∏£‡πå,place
‡∏´‡∏ô‡∏≠‡∏á‡∏Ñ‡∏≤‡∏¢,place
‡∏´‡∏ô‡∏≠‡∏á‡∏ö‡∏±‡∏ß‡∏•‡∏≥‡∏†‡∏π,place
‡∏≠‡πà‡∏≤‡∏á‡∏ó‡∏≠‡∏á,place
‡∏≠‡∏≥‡∏ô‡∏≤‡∏à‡πÄ‡∏à‡∏£‡∏¥‡∏ç,place
‡∏≠‡∏∏‡∏î‡∏£‡∏ò‡∏≤‡∏ô‡∏µ,place
‡∏≠‡∏∏‡∏ï‡∏£‡∏î‡∏¥‡∏ï‡∏ñ‡πå,place
‡∏≠‡∏∏‡∏ó‡∏±‡∏¢‡∏ò‡∏≤‡∏ô‡∏µ,place
‡∏≠‡∏∏‡∏ö‡∏•‡∏£‡∏≤‡∏ä‡∏ò‡∏≤‡∏ô‡∏µ,place
‡∏≠‡∏±‡∏ü‡∏Å‡∏≤‡∏ô‡∏¥‡∏™‡∏ñ‡∏≤‡∏ô,country
‡πÅ‡∏≠‡∏•‡πÄ‡∏ö‡πÄ‡∏ô‡∏µ‡∏¢,country
‡πÅ‡∏≠‡∏•‡∏à‡∏µ‡πÄ‡∏£‡∏µ‡∏¢,country
‡∏≠‡πÄ‡∏°‡∏£‡∏¥‡∏Å‡∏±‡∏ô‡∏ã‡∏≤‡∏°‡∏±‡∏ß,country
‡∏≠‡∏±‡∏ô‡∏î‡∏≠‡∏£‡πå‡∏£‡∏≤,country
‡πÅ‡∏≠‡∏á‡πÇ‡∏Å‡∏•‡∏≤,country
‡πÅ‡∏≠‡∏á‡∏Å‡∏ß‡∏¥‡∏•‡∏•‡∏≤,country
‡∏≠‡∏≠‡∏™‡πÄ‡∏ï‡∏£‡πÄ‡∏•‡∏µ‡∏¢‡∏ô‡πÅ‡∏≠‡∏ô‡∏ï‡∏≤‡∏£‡πå‡∏Å‡∏ï‡∏¥‡∏Å‡πÄ‡∏ó‡∏£‡πå‡∏£‡∏¥‡∏ó‡∏≠‡∏£‡∏µ,country
‡πÅ‡∏≠‡∏ô‡∏ï‡∏¥‡∏Å‡∏≤‡πÅ‡∏•‡∏∞‡∏ö‡∏≤‡∏£‡πå‡∏ö‡∏π‡∏î‡∏≤,country
‡∏≠‡∏≤‡∏£‡πå‡πÄ‡∏à‡∏ô‡∏ï‡∏¥‡∏ô‡∏≤,country
‡∏≠‡∏≤‡∏£‡πå‡∏°‡∏µ‡πÄ‡∏ô‡∏µ‡∏¢,country
‡∏≠‡∏≤‡∏£‡∏π‡∏ö‡∏≤,country
‡∏≠‡∏≠‡∏™‡πÄ‡∏ï‡∏£‡πÄ‡∏•‡∏µ‡∏¢,country
‡∏≠‡∏≠‡∏™‡πÄ‡∏ï‡∏£‡∏µ‡∏¢,country
‡∏≠‡∏≤‡πÄ‡∏ã‡∏≠‡∏£‡πå‡πÑ‡∏ö‡∏à‡∏≤‡∏ô,country
‡∏ö‡∏≤‡∏Æ‡∏≤‡∏°‡∏≤‡∏™,country
‡∏ö‡∏≤‡∏´‡πå‡πÄ‡∏£‡∏ô,country
‡∏ö‡∏±‡∏á‡∏Å‡∏•‡∏≤‡πÄ‡∏ó‡∏®,country
‡∏ö‡∏≤‡∏£‡πå‡πÄ‡∏ö‡πÇ‡∏î‡∏™,country
‡πÄ‡∏ö‡∏•‡∏≤‡∏£‡∏∏‡∏™,country
‡πÄ‡∏ö‡∏•‡πÄ‡∏¢‡∏µ‡∏¢‡∏°,country
‡πÄ‡∏ö‡∏•‡∏µ‡∏ã,country
‡πÄ‡∏ö‡∏ô‡∏¥‡∏ô,country
‡πÄ‡∏ö‡∏≠‡∏£‡πå‡∏°‡∏¥‡∏ß‡∏î‡∏≤,country
‡∏†‡∏π‡∏è‡∏≤‡∏ô,country
‡πÇ‡∏ö‡∏•‡∏¥‡πÄ‡∏ß‡∏µ‡∏¢,country
‡∏ö‡∏≠‡∏™‡πÄ‡∏ô‡∏µ‡∏¢‡πÅ‡∏•‡∏∞‡πÄ‡∏Æ‡∏≠‡∏£‡πå‡πÄ‡∏ã‡πÇ‡∏Å‡∏ß‡∏µ‡∏ô‡∏≤,country
‡∏ö‡∏≠‡∏ï‡∏™‡∏ß‡∏≤‡∏ô‡∏≤a,country
‡πÄ‡∏Å‡∏≤‡∏∞‡∏ö‡∏π‡πÄ‡∏ß‡∏ï,country
‡∏ö‡∏£‡∏≤‡∏ã‡∏¥‡∏•,country
‡∏ö‡∏£‡∏¥‡∏ï‡∏¥‡∏ä‡∏≠‡∏¥‡∏ô‡πÄ‡∏î‡∏µ‡∏¢‡∏ô‡πÇ‡∏≠‡πÄ‡∏ä‡∏µ‡∏¢‡∏ô‡πÄ‡∏ó‡∏£‡πå‡∏£‡∏¥‡∏ó‡∏≠‡∏£‡∏µ,country
‡∏´‡∏°‡∏π‡πà‡πÄ‡∏Å‡∏≤‡∏∞‡∏ö‡∏£‡∏¥‡∏ï‡∏¥‡∏ä‡πÄ‡∏ß‡∏≠‡∏£‡πå‡∏à‡∏¥‡∏ô,country
‡∏ö‡∏£‡∏π‡πÑ‡∏ô‡∏î‡∏≤‡∏£‡∏∏‡∏™‡∏ã‡∏≤‡∏•‡∏≤‡∏°,country
‡∏ö‡∏±‡∏•‡πÅ‡∏Å‡πÄ‡∏£‡∏µ‡∏¢,country
‡∏ö‡∏π‡∏£‡πå‡∏Å‡∏¥‡∏ô‡∏≤‡∏ü‡∏≤‡πÇ‡∏ã,country
‡∏ö‡∏∏‡∏£‡∏∏‡∏ô‡∏î‡∏µ,country
‡∏Å‡∏±‡∏°‡∏û‡∏π‡∏ä‡∏≤,country
‡πÅ‡∏Ñ‡πÄ‡∏°‡∏≠‡∏£‡∏π‡∏ô,country
‡πÅ‡∏Ñ‡∏ô‡∏≤‡∏î‡∏≤,country
‡∏Å‡∏≤‡∏ö‡∏π‡πÄ‡∏ß‡∏£‡πå‡∏î‡∏µ,country
‡∏´‡∏°‡∏π‡πà‡πÄ‡∏Å‡∏≤‡∏∞‡πÄ‡∏Ñ‡∏¢‡πå‡πÅ‡∏°‡∏ô,country
‡∏™‡∏≤‡∏ò‡∏≤‡∏£‡∏ì‡∏£‡∏±‡∏ê‡πÅ‡∏≠‡∏ü‡∏£‡∏¥‡∏Å‡∏≤‡∏Å‡∏•‡∏≤‡∏á,country
‡∏ä‡∏≤‡∏î,country
‡∏ä‡∏¥‡∏•‡∏µ,country
‡∏à‡∏µ‡∏ô,country
‡πÄ‡∏Å‡∏≤‡∏∞‡∏Ñ‡∏£‡∏¥‡∏™‡∏ï‡πå‡∏°‡∏≤‡∏™,country
‡∏´‡∏°‡∏π‡πà‡πÄ‡∏Å‡∏≤‡∏∞‡πÇ‡∏Ñ‡πÇ‡∏Ñ‡∏™,country
‡πÇ‡∏Ñ‡∏•‡∏≠‡∏°‡πÄ‡∏ö‡∏µ‡∏¢,country
‡∏Ñ‡∏≠‡πÇ‡∏°‡πÇ‡∏£‡∏™,country
‡∏™‡∏≤‡∏ò‡∏≤‡∏£‡∏ì‡∏£‡∏±‡∏ê‡∏Ñ‡∏≠‡∏á‡πÇ‡∏Å,country
‡∏´‡∏°‡∏π‡πà‡πÄ‡∏Å‡∏≤‡∏∞‡∏Ñ‡∏∏‡∏Å,country
‡∏Ñ‡∏≠‡∏™‡∏ï‡∏≤‡∏£‡∏¥‡∏Å‡∏≤,country
‡πÇ‡∏Å‡∏ï‡∏î‡∏¥‡∏ß‡∏±‡∏ß‡∏£‡πå,country
‡πÑ‡∏≠‡∏ß‡∏≠‡∏£‡∏µ‡πÇ‡∏Ñ‡∏™‡∏ï‡πå,country
‡πÇ‡∏Ñ‡∏£‡πÄ‡∏≠‡πÄ‡∏ä‡∏µ‡∏¢,country
‡∏Ñ‡∏¥‡∏ß‡∏ö‡∏≤,country
‡πÑ‡∏ã‡∏õ‡∏£‡∏±‡∏™,country
‡∏™‡∏≤‡∏ò‡∏≤‡∏£‡∏ì‡∏£‡∏±‡∏ê‡πÄ‡∏ä‡πá‡∏Å,country
‡πÄ‡∏î‡∏ô‡∏°‡∏≤‡∏£‡πå‡∏Å,country
‡∏à‡∏¥‡∏ö‡∏π‡∏ï‡∏µ,country
‡∏î‡∏≠‡∏°‡∏¥‡∏ô‡∏µ‡∏Å‡∏≤,country
‡∏™‡∏≤‡∏ò‡∏≤‡∏£‡∏ì‡∏£‡∏±‡∏ê‡πÇ‡∏î‡∏°‡∏¥‡∏ô‡∏¥‡∏Å‡∏±‡∏ô,country
‡πÄ‡∏≠‡∏Å‡∏ß‡∏≤‡∏î‡∏≠‡∏£‡πå,country
‡∏≠‡∏µ‡∏¢‡∏¥‡∏õ‡∏ï‡πå,country
‡πÄ‡∏≠‡∏•‡∏ã‡∏±‡∏•‡∏ß‡∏≤‡∏î‡∏≠‡∏£‡πå,country
‡∏≠‡∏¥‡πÄ‡∏Ñ‡∏ß‡∏ó‡∏≠‡πÄ‡∏£‡∏µ‡∏¢‡∏•‡∏Å‡∏¥‡∏ô‡∏µ,country
‡πÄ‡∏≠‡∏£‡∏¥‡πÄ‡∏ó‡∏£‡∏µ‡∏¢,country
‡πÄ‡∏≠‡∏™‡πÇ‡∏ï‡πÄ‡∏ô‡∏µ‡∏¢,country
‡πÄ‡∏≠‡∏ò‡∏¥‡πÇ‡∏≠‡πÄ‡∏õ‡∏µ‡∏¢,country
‡∏´‡∏°‡∏π‡πà‡πÄ‡∏Å‡∏≤‡∏∞‡πÅ‡∏ü‡πÇ‡∏£,country
‡∏´‡∏°‡∏π‡πà‡πÄ‡∏Å‡∏≤‡∏∞‡∏ü‡∏≠‡∏•‡πå‡∏Å‡πÅ‡∏•‡∏ô‡∏î‡πå,country
‡∏ü‡∏¥‡∏à‡∏¥,country
‡∏ü‡∏¥‡∏ô‡πÅ‡∏•‡∏ô‡∏î‡πå,country
‡∏ù‡∏£‡∏±‡πà‡∏á‡πÄ‡∏®‡∏™,country
‡πÄ‡∏ü‡∏£‡∏ô‡∏ä‡πå‡πÄ‡∏Å‡∏µ‡∏¢‡∏ô‡∏≤,country
‡πÄ‡∏ü‡∏£‡∏ô‡∏ä‡πå‡πÇ‡∏õ‡∏•‡∏¥‡∏ô‡∏µ‡πÄ‡∏ã‡∏µ‡∏¢,country
‡πÄ‡∏ü‡∏£‡∏ô‡∏ä‡πå‡πÄ‡∏ã‡∏≤‡πÄ‡∏ó‡∏¥‡∏£‡πå‡∏ô‡πÅ‡∏•‡∏∞‡πÅ‡∏≠‡∏ô‡∏ï‡∏≤‡∏£‡πå‡∏Å‡∏ï‡∏¥‡∏Å‡πÅ‡∏•‡∏ô‡∏™‡πå,country
‡∏Å‡∏≤‡∏ö‡∏≠‡∏á,country
‡πÅ‡∏Å‡∏°‡πÄ‡∏ö‡∏µ‡∏¢,country
‡∏à‡∏≠‡∏£‡πå‡πÄ‡∏à‡∏µ‡∏¢,country
‡πÄ‡∏¢‡∏≠‡∏£‡∏°‡∏ô‡∏µ,country
‡∏Å‡∏≤‡∏ô‡∏≤,country
‡∏¢‡∏¥‡∏ö‡∏£‡∏≠‡∏•‡∏ï‡∏≤‡∏£‡πå,country
‡∏Å‡∏£‡∏µ‡∏ã,country
‡∏Å‡∏£‡∏µ‡∏ô‡πÅ‡∏•‡∏ô‡∏î‡πå,country
‡πÄ‡∏Å‡∏£‡πÄ‡∏ô‡∏î‡∏≤,country
‡∏Å‡∏±‡∏ß‡πÄ‡∏î‡∏≠‡∏•‡∏∏‡∏õ,country
‡∏Å‡∏ß‡∏°,country
‡∏Å‡∏±‡∏ß‡πÄ‡∏ï‡∏°‡∏≤‡∏•‡∏≤,country
‡πÄ‡∏Å‡∏¥‡∏£‡πå‡∏ô‡∏ã‡∏µ‡∏¢‡πå,country
‡∏Å‡∏¥‡∏ô‡∏µ,country
‡∏Å‡∏¥‡∏ô‡∏µ-‡∏ö‡∏¥‡∏™‡πÄ‡∏ã‡∏≤,country
‡∏Å‡∏≤‡∏¢‡∏≠‡∏≤‡∏ô‡∏≤,country
‡πÄ‡∏Æ‡∏ï‡∏¥,country
‡πÄ‡∏Å‡∏≤‡∏∞‡πÄ‡∏Æ‡∏¥‡∏£‡πå‡∏î‡πÅ‡∏•‡∏∞‡∏´‡∏°‡∏π‡πà‡πÄ‡∏Å‡∏≤‡∏∞‡πÅ‡∏°‡∏Å‡∏î‡∏≠‡∏ô‡∏±‡∏•‡∏î‡πå,country
‡∏ô‡∏Ñ‡∏£‡∏£‡∏±‡∏ê‡∏ß‡∏≤‡∏ï‡∏¥‡∏Å‡∏±‡∏ô,country
‡∏Æ‡∏≠‡∏ô‡∏î‡∏π‡∏£‡∏±‡∏™,country
‡∏Æ‡πà‡∏≠‡∏á‡∏Å‡∏á,country
‡∏Æ‡∏±‡∏á‡∏Å‡∏≤‡∏£‡∏µ,country
‡πÑ‡∏≠‡∏ã‡πå‡πÅ‡∏•‡∏ô‡∏î‡πå,country
‡∏≠‡∏¥‡∏ô‡πÄ‡∏î‡∏µ‡∏¢,country
‡∏≠‡∏¥‡∏ô‡πÇ‡∏î‡∏ô‡∏µ‡πÄ‡∏ã‡∏µ‡∏¢,country
‡∏≠‡∏¥‡∏´‡∏£‡πà‡∏≤‡∏ô,country
‡∏≠‡∏¥‡∏£‡∏±‡∏Å,country
‡πÑ‡∏≠‡∏£‡πå‡πÅ‡∏•‡∏ô‡∏î‡πå,country
‡πÄ‡∏Å‡∏≤‡∏∞‡πÅ‡∏°‡∏ô,country
‡∏≠‡∏¥‡∏™‡∏£‡∏≤‡πÄ‡∏≠‡∏•,country
‡∏≠‡∏¥‡∏ï‡∏≤‡∏•‡∏µ,country
‡∏à‡∏≤‡πÄ‡∏°‡∏Å‡∏≤,country
‡∏ç‡∏µ‡πà‡∏õ‡∏∏‡πà‡∏ô,country
‡πÄ‡∏à‡∏≠‡∏£‡πå‡∏ã‡∏µ‡∏¢‡πå,country
‡∏à‡∏≠‡∏£‡πå‡πÅ‡∏î‡∏ô,country
‡∏Ñ‡∏≤‡∏ã‡∏±‡∏Ñ‡∏™‡∏ñ‡∏≤‡∏ô,country
‡πÄ‡∏Ñ‡∏ô‡∏¢‡∏≤,country
‡∏Ñ‡∏¥‡∏£‡∏¥‡∏ö‡∏≤‡∏™,country
‡πÄ‡∏Å‡∏≤‡∏´‡∏•‡∏µ‡πÉ‡∏ï‡πâ,country
‡πÄ‡∏Å‡∏≤‡∏´‡∏•‡∏µ‡πÄ‡∏´‡∏ô‡∏∑‡∏≠,country
‡∏Ñ‡∏π‡πÄ‡∏ß‡∏ï,country
‡∏Ñ‡∏µ‡∏£‡πå‡∏Å‡∏µ‡∏ã‡∏™‡∏ñ‡∏≤‡∏ô,country
‡∏•‡∏≤‡∏ß,country
‡∏•‡∏±‡∏ï‡πÄ‡∏ß‡∏µ‡∏¢,country
‡πÄ‡∏•‡∏ö‡∏≤‡∏ô‡∏≠‡∏ô,country
‡πÄ‡∏•‡πÇ‡∏ã‡πÇ‡∏ó,country
‡πÑ‡∏•‡∏ö‡∏µ‡πÄ‡∏£‡∏µ‡∏¢,country
‡∏•‡∏¥‡πÄ‡∏ö‡∏µ‡∏¢,country
‡∏•‡∏¥‡∏Å‡πÄ‡∏ï‡∏ô‡∏™‡πÑ‡∏ï‡∏ô‡πå,country
‡∏•‡∏¥‡∏ó‡∏±‡∏ß‡πÄ‡∏ô‡∏µ‡∏¢,country
‡∏•‡∏±‡∏Å‡πÄ‡∏ã‡∏°‡πÄ‡∏ö‡∏¥‡∏£‡πå‡∏Å,country
‡∏°‡∏≤‡πÄ‡∏Å‡πä‡∏≤,country
‡∏™‡∏≤‡∏ò‡∏≤‡∏£‡∏ì‡∏£‡∏±‡∏ê‡∏°‡∏≤‡∏ã‡∏¥‡πÇ‡∏î‡πÄ‡∏ô‡∏µ‡∏¢,country
‡∏°‡∏≤‡∏î‡∏≤‡∏Å‡∏±‡∏™‡∏Å‡∏≤‡∏£‡πå,country
‡∏°‡∏≤‡∏•‡∏≤‡∏ß‡∏µ,country
‡∏°‡∏≤‡πÄ‡∏•‡πÄ‡∏ã‡∏µ‡∏¢,country
‡∏°‡∏±‡∏•‡∏î‡∏µ‡∏ü‡∏™‡πå,country
‡∏°‡∏≤‡∏•‡∏µ,country
‡∏°‡∏≠‡∏•‡∏ï‡∏≤,country
‡∏´‡∏°‡∏π‡πà‡πÄ‡∏Å‡∏≤‡∏∞‡∏°‡∏≤‡∏£‡πå‡πÅ‡∏ä‡∏•‡∏•‡πå,country
‡∏°‡∏≤‡∏£‡πå‡∏ï‡∏µ‡∏ô‡∏¥‡∏Å,country
‡∏°‡∏≠‡∏£‡∏¥‡πÄ‡∏ï‡πÄ‡∏ô‡∏µ‡∏¢,country
‡∏°‡∏≠‡∏£‡∏¥‡πÄ‡∏ä‡∏µ‡∏¢‡∏™,country
‡∏°‡∏≤‡∏¢‡∏≠‡∏ï,country
‡πÄ‡∏°‡πá‡∏Å‡∏ã‡∏¥‡πÇ‡∏Å,country
‡πÑ‡∏°‡πÇ‡∏Ñ‡∏£‡∏ô‡∏µ‡πÄ‡∏ã‡∏µ‡∏¢,country
‡∏°‡∏≠‡∏•‡πÇ‡∏î‡∏ß‡∏≤,country
‡πÇ‡∏°‡∏ô‡∏≤‡πÇ‡∏Å,country
‡∏°‡∏≠‡∏á‡πÇ‡∏Å‡πÄ‡∏•‡∏µ‡∏¢,country
‡∏°‡∏≠‡∏ô‡πÄ‡∏ï‡πÄ‡∏ô‡πÇ‡∏Å‡∏£,country
‡∏°‡∏≠‡∏ô‡∏ï‡πå‡πÄ‡∏ã‡∏≠‡∏£‡πå‡∏£‡∏±‡∏ï,country
‡πÇ‡∏°‡∏£‡πá‡∏≠‡∏Å‡πÇ‡∏Å,country
‡πÇ‡∏°‡∏ã‡∏±‡∏°‡∏ö‡∏¥‡∏Å,country
‡∏û‡∏°‡πà‡∏≤,country
‡∏ô‡∏≤‡∏°‡∏¥‡πÄ‡∏ö‡∏µ‡∏¢,country
‡∏ô‡∏≤‡∏≠‡∏π‡∏£‡∏π,country
‡πÄ‡∏ô‡∏õ‡∏≤‡∏•,country
‡πÄ‡∏ô‡πÄ‡∏ò‡∏≠‡∏£‡πå‡πÅ‡∏•‡∏ô‡∏î‡πå‡πÅ‡∏≠‡∏ô‡∏ó‡∏¥‡∏•‡∏•‡∏µ‡∏™,country
‡πÄ‡∏ô‡πÄ‡∏ò‡∏≠‡∏£‡πå‡πÅ‡∏•‡∏ô‡∏î‡πå,country
‡∏ô‡∏¥‡∏ß‡πÅ‡∏Ñ‡∏•‡∏¥‡πÇ‡∏î‡πÄ‡∏ô‡∏µ‡∏¢,country
‡∏ô‡∏¥‡∏ß‡∏ã‡∏µ‡πÅ‡∏•‡∏ô‡∏î‡πå,country
‡∏ô‡∏¥‡∏Å‡∏≤‡∏£‡∏≤‡∏Å‡∏±‡∏ß,country
‡πÑ‡∏ô‡πÄ‡∏à‡∏≠‡∏£‡πå,country
‡πÑ‡∏ô‡∏à‡∏µ‡πÄ‡∏£‡∏µ‡∏¢,country
‡∏ô‡∏µ‡∏≠‡∏π‡πÄ‡∏≠,country
‡πÄ‡∏Å‡∏≤‡∏∞‡∏ô‡∏≠‡∏£‡πå‡∏ü‡∏≠‡∏•‡πå‡∏Å,country
‡∏´‡∏°‡∏π‡πà‡πÄ‡∏Å‡∏≤‡∏∞‡∏ô‡∏≠‡∏£‡πå‡πÄ‡∏ó‡∏¥‡∏£‡πå‡∏ô‡∏°‡∏≤‡πÄ‡∏£‡∏µ‡∏¢‡∏ô‡∏≤,country
‡∏ô‡∏≠‡∏£‡πå‡πÄ‡∏ß‡∏¢‡πå,country
‡πÇ‡∏≠‡∏°‡∏≤‡∏ô,country
‡∏õ‡∏≤‡∏Å‡∏µ‡∏™‡∏ñ‡∏≤‡∏ô,country
‡∏õ‡∏≤‡πÄ‡∏•‡∏≤,country
‡∏£‡∏±‡∏ê‡∏õ‡∏≤‡πÄ‡∏•‡∏™‡πÑ‡∏ï‡∏ô‡πå,country
‡∏õ‡∏≤‡∏ô‡∏≤‡∏°‡∏≤,country
‡∏õ‡∏≤‡∏õ‡∏±‡∏ß‡∏ô‡∏¥‡∏ß‡∏Å‡∏¥‡∏ô‡∏µ,country
‡∏õ‡∏≤‡∏£‡∏≤‡∏Å‡∏ß‡∏±‡∏¢,country
‡πÄ‡∏õ‡∏£‡∏π,country
‡∏ü‡∏¥‡∏•‡∏¥‡∏õ‡∏õ‡∏¥‡∏ô‡∏™‡πå,country
‡∏´‡∏°‡∏π‡πà‡πÄ‡∏Å‡∏≤‡∏∞‡∏û‡∏¥‡∏ï‡πÅ‡∏Ñ‡∏£‡πå‡∏ô,country
‡πÇ‡∏õ‡πÅ‡∏•‡∏ô‡∏î‡πå,country
‡πÇ‡∏õ‡∏£‡∏ï‡∏∏‡πÄ‡∏Å‡∏™,country
‡πÄ‡∏õ‡∏≠‡∏£‡πå‡πÇ‡∏ï‡∏£‡∏¥‡πÇ‡∏Å,country
‡∏Å‡∏≤‡∏ï‡∏≤‡∏£‡πå,country
‡πÄ‡∏£‡∏≠‡∏π‡∏ß‡πå‡∏ô‡∏µ‡∏¢‡∏á,country
‡πÇ‡∏£‡∏°‡∏≤‡πÄ‡∏ô‡∏µ‡∏¢,country
‡∏£‡∏±‡∏™‡πÄ‡∏ã‡∏µ‡∏¢,country
‡∏£‡∏ß‡∏±‡∏ô‡∏î‡∏≤,country
‡πÅ‡∏ã‡πá‡∏á-‡∏ö‡∏≤‡∏£‡πå‡πÄ‡∏ï‡πÄ‡∏•‡∏°‡∏µ,country
‡πÄ‡∏ã‡∏ô‡∏ï‡πå‡πÄ‡∏Æ‡πÄ‡∏•‡∏ô‡∏≤,country
‡πÄ‡∏ã‡∏ô‡∏ï‡πå‡∏Ñ‡∏¥‡∏ï‡∏™‡πå‡πÅ‡∏•‡∏∞‡πÄ‡∏ô‡∏ß‡∏¥‡∏™,country
‡πÄ‡∏ã‡∏ô‡∏ï‡πå‡∏•‡∏π‡πÄ‡∏ã‡∏µ‡∏¢,country
‡πÅ‡∏ã‡πá‡∏á-‡∏°‡∏≤‡∏£‡πå‡πÅ‡∏ï‡πá‡∏á,country
‡πÅ‡∏ã‡∏á‡∏õ‡∏µ‡πÅ‡∏¢‡∏£‡πå‡πÅ‡∏•‡∏∞‡∏°‡∏µ‡πÄ‡∏Å‡∏≠‡∏•‡∏á,country
‡πÄ‡∏ã‡∏ô‡∏ï‡πå‡∏ß‡∏¥‡∏ô‡πÄ‡∏ã‡∏ô‡∏ï‡πå‡πÅ‡∏•‡∏∞‡πÄ‡∏Å‡∏£‡∏ô‡∏≤‡∏î‡∏µ‡∏ô‡∏™‡πå,country
‡∏ã‡∏≤‡∏°‡∏±‡∏ß,country
‡∏ã‡∏≤‡∏ô‡∏°‡∏≤‡∏£‡∏µ‡πÇ‡∏ô,country
‡πÄ‡∏ã‡∏≤‡∏ï‡∏π‡πÄ‡∏°‡πÅ‡∏•‡∏∞‡∏õ‡∏£‡∏¥‡∏ô‡∏ã‡∏¥‡∏õ‡∏µ,country
‡∏ã‡∏≤‡∏≠‡∏∏‡∏î‡∏µ‡∏≠‡∏≤‡∏£‡∏∞‡πÄ‡∏ö‡∏µ‡∏¢,country
‡πÄ‡∏ã‡πÄ‡∏ô‡∏Å‡∏±‡∏•,country
‡πÄ‡∏ã‡∏≠‡∏£‡πå‡πÄ‡∏ö‡∏µ‡∏¢,country
‡πÄ‡∏ã‡πÄ‡∏ä‡∏•‡∏™‡πå,country
‡πÄ‡∏ã‡∏µ‡∏¢‡∏£‡πå‡∏£‡∏≤‡∏•‡∏µ‡πÇ‡∏≠‡∏ô,country
‡∏™‡∏¥‡∏á‡∏Ñ‡πÇ‡∏õ‡∏£‡πå,country
‡∏™‡πÇ‡∏•‡∏ß‡∏≤‡πÄ‡∏Å‡∏µ‡∏¢,country
‡∏™‡πÇ‡∏•‡∏ß‡∏µ‡πÄ‡∏ô‡∏µ‡∏¢,country
‡∏´‡∏°‡∏π‡πà‡πÄ‡∏Å‡∏≤‡∏∞‡πÇ‡∏ã‡πÇ‡∏•‡∏°‡∏≠‡∏ô,country
‡πÇ‡∏ã‡∏°‡∏≤‡πÄ‡∏•‡∏µ‡∏¢,country
‡πÅ‡∏≠‡∏ü‡∏£‡∏¥‡∏Å‡∏≤‡πÉ‡∏ï‡πâ,country
‡πÄ‡∏Å‡∏≤‡∏∞‡πÄ‡∏ã‡∏≤‡∏ó‡πå‡∏à‡∏≠‡∏£‡πå‡πÄ‡∏à‡∏µ‡∏¢‡πÅ‡∏•‡∏∞‡∏´‡∏°‡∏π‡πà‡πÄ‡∏Å‡∏≤‡∏∞‡πÄ‡∏ã‡∏≤‡∏ó‡πå‡πÅ‡∏ã‡∏ô‡∏î‡πå‡∏ß‡∏¥‡∏ä,country
‡∏™‡πÄ‡∏õ‡∏ô,country
‡∏®‡∏£‡∏µ‡∏•‡∏±‡∏á‡∏Å‡∏≤,country
‡∏ã‡∏π‡∏î‡∏≤‡∏ô,country
‡∏ã‡∏π‡∏£‡∏¥‡∏ô‡∏≤‡∏°,country
‡∏™‡∏ü‡∏≤‡∏•‡∏ö‡∏≤‡∏£‡πå,country
‡∏¢‡∏≤‡∏ô‡πÑ‡∏°‡πÄ‡∏≠‡∏ô,country
‡∏™‡∏ß‡∏≤‡∏ã‡∏¥‡πÅ‡∏•‡∏ô‡∏î‡πå,country
‡∏™‡∏ß‡∏µ‡πÄ‡∏î‡∏ô,country
‡∏™‡∏ß‡∏¥‡∏ï‡πÄ‡∏ã‡∏≠‡∏£‡πå‡πÅ‡∏•‡∏ô‡∏î‡πå,country
‡∏ã‡∏µ‡πÄ‡∏£‡∏µ‡∏¢,country
‡πÑ‡∏ï‡πâ‡∏´‡∏ß‡∏±‡∏ô,country
‡∏ó‡∏≤‡∏à‡∏¥‡∏Å‡∏¥‡∏™‡∏ñ‡∏≤‡∏ô,country
‡πÅ‡∏ó‡∏ô‡∏ã‡∏≤‡πÄ‡∏ô‡∏µ‡∏¢,country
‡πÑ‡∏ó‡∏¢,country
‡∏ï‡∏¥‡∏°‡∏≠‡∏£‡πå-‡πÄ‡∏•‡∏™‡πÄ‡∏ï,country
‡πÇ‡∏ï‡πÇ‡∏Å,country
‡πÇ‡∏ï‡πÄ‡∏Å‡πÄ‡∏•‡∏≤,country
‡∏ï‡∏≠‡∏á‡∏Å‡∏≤,country
‡∏ï‡∏£‡∏¥‡∏ô‡∏¥‡πÅ‡∏î‡∏î‡πÅ‡∏•‡∏∞‡πÇ‡∏ï‡πÄ‡∏ö‡πÇ‡∏Å,country
‡∏ï‡∏π‡∏ô‡∏¥‡πÄ‡∏ã‡∏µ‡∏¢,country
‡∏ï‡∏∏‡∏£‡∏Å‡∏µ,country
‡πÄ‡∏ï‡∏¥‡∏£‡πå‡∏Å‡πÄ‡∏°‡∏ô‡∏¥‡∏™‡∏ñ‡∏≤‡∏ô,country
‡∏´‡∏°‡∏π‡πà‡πÄ‡∏Å‡∏≤‡∏∞‡πÄ‡∏ï‡∏¥‡∏Å‡∏™‡πå‡πÅ‡∏•‡∏∞‡∏´‡∏°‡∏π‡πà‡πÄ‡∏Å‡∏≤‡∏∞‡πÄ‡∏Ñ‡∏Ñ‡∏≠‡∏™,country
‡∏ï‡∏π‡∏ß‡∏≤‡∏•‡∏π,country
‡∏¢‡∏π‡∏Å‡∏±‡∏ô‡∏î‡∏≤,country
‡∏¢‡∏π‡πÄ‡∏Ñ‡∏£‡∏ô,country
‡∏™‡∏´‡∏£‡∏±‡∏ê‡∏≠‡∏≤‡∏´‡∏£‡∏±‡∏ö‡πÄ‡∏≠‡∏°‡∏¥‡πÄ‡∏£‡∏ï‡∏™‡πå,country
‡∏™‡∏´‡∏£‡∏≤‡∏ä‡∏≠‡∏≤‡∏ì‡∏≤‡∏à‡∏±‡∏Å‡∏£,country
‡∏≠‡πÄ‡∏°‡∏£‡∏¥‡∏Å‡∏≤,country
‡∏™‡∏´‡∏£‡∏±‡∏ê‡∏≠‡πÄ‡∏°‡∏£‡∏¥‡∏Å‡∏≤,country
‡πÄ‡∏Å‡∏≤‡∏∞‡πÄ‡∏•‡πá‡∏Å‡∏£‡∏≠‡∏ö‡∏ô‡∏≠‡∏Å‡∏Ç‡∏≠‡∏á‡∏™‡∏´‡∏£‡∏±‡∏ê‡∏≠‡πÄ‡∏°‡∏£‡∏¥‡∏Å‡∏≤,country
‡∏´‡∏°‡∏π‡πà‡πÄ‡∏Å‡∏≤‡∏∞‡πÄ‡∏ß‡∏≠‡∏£‡πå‡∏à‡∏¥‡∏ô‡∏Ç‡∏≠‡∏á‡∏™‡∏´‡∏£‡∏±‡∏ê‡∏≠‡πÄ‡∏°‡∏£‡∏¥‡∏Å‡∏≤,country
‡∏≠‡∏∏‡∏£‡∏∏‡∏Å‡∏ß‡∏±‡∏¢,country
‡∏≠‡∏∏‡∏ã‡πÄ‡∏ö‡∏Å‡∏¥‡∏™‡∏ñ‡∏≤‡∏ô,country
‡∏ß‡∏≤‡∏ô‡∏π‡∏≠‡∏≤‡∏ï‡∏π,country
‡πÄ‡∏ß‡πÄ‡∏ô‡∏ã‡∏∏‡πÄ‡∏≠‡∏•‡∏≤,country
‡πÄ‡∏ß‡∏µ‡∏¢‡∏î‡∏ô‡∏≤‡∏°,country
‡∏ß‡∏≤‡∏•‡∏•‡∏¥‡∏™‡πÅ‡∏•‡∏∞‡∏ü‡∏∏‡∏ï‡∏π‡∏ô‡∏≤,country
‡πÄ‡∏ß‡∏™‡πÄ‡∏ó‡∏¥‡∏£‡πå‡∏ô‡∏™‡∏∞‡∏Æ‡∏≤‡∏£‡∏≤,country
‡πÄ‡∏¢‡πÄ‡∏°‡∏ô,country
‡πÅ‡∏ã‡∏°‡πÄ‡∏ö‡∏µ‡∏¢,country
‡∏ã‡∏¥‡∏°‡∏ö‡∏±‡∏ö‡πÄ‡∏ß,country
‡∏™‡∏ñ‡∏≤‡∏ô‡∏µ,place
‡πÇ‡∏£‡∏á‡∏´‡∏ô‡∏±‡∏á,place
‡∏û‡∏≤‡∏£‡∏≤‡∏Å‡∏≠‡∏ô,place
rca,place
‡∏°‡∏´‡∏≤‡∏•‡∏±‡∏¢,place
‡∏°‡∏´‡∏≤‡∏ß‡∏¥‡∏ó‡∏¢‡∏≤‡∏•‡∏±‡∏¢,place
‡∏´‡πâ‡∏≤‡∏á,place
‡∏ô‡∏≤‡∏¢,person
‡∏ô‡∏≤‡∏á,person
‡∏ô‡∏≤‡∏á‡∏™‡∏≤‡∏ß,person
‡∏Ñ‡∏∏‡∏ì,person
‡∏ô‡πâ‡∏≠‡∏á,person
‡∏û‡∏µ‡πà,person
‡∏ö‡∏≠‡∏™,person
‡∏û‡πà‡∏≠,person
‡πÅ‡∏°‡πà,person
‡∏°‡∏∂‡∏á,person
‡∏Å‡∏π,person
‡πÄ‡∏Ç‡∏≤,person
‡∏´‡∏±‡∏ß‡∏´‡∏ô‡πâ‡∏≤,person
‡∏õ‡∏£‡∏∞‡∏ò‡∏≤‡∏ô,person
‡∏•‡∏π‡∏Å‡∏ô‡πâ‡∏≠‡∏á,person
‡∏•‡∏π‡∏Å‡∏û‡∏µ‡πà,person
‡∏´‡∏ô‡∏∏‡πà‡∏°,person
‡∏™‡∏≤‡∏ß,person
‡∏â‡∏±‡∏ô,person
‡πÄ‡∏ò‡∏≠,person
‡∏´‡∏•‡πà‡∏≠‡∏ô,person
‡∏•‡∏∏‡∏á,person
‡∏õ‡πâ‡∏≤,person
‡∏ô‡πâ‡∏≤,person
‡∏õ‡∏π‡πà,person
‡∏¢‡πà‡∏≤,person
‡∏ï‡∏≤,person
‡∏¢‡∏≤‡∏¢,person
‡∏´‡∏π‡∏ü‡∏±‡∏á,product
‡∏ô‡∏≤‡∏¨‡∏¥‡∏Å‡∏≤,product
‡∏ö‡πà‡∏≤‡∏¢,time
‡∏Ñ‡πà‡∏≥,time
‡∏´‡∏ô‡∏∂‡πà‡∏á,num
‡∏™‡∏≠‡∏á,num
‡∏™‡∏≤‡∏°,num
‡∏™‡∏µ‡πà,num
‡∏´‡πâ‡∏≤,num
‡∏´‡∏Å,num
‡πÄ‡∏à‡πá‡∏î,num
‡πÅ‡∏õ‡∏î,num
‡πÄ‡∏Å‡πâ‡∏≤,num
‡∏™‡∏¥‡∏ö,num
‡∏£‡πâ‡∏≠‡∏¢,num
‡∏û‡∏±‡∏ô,num
‡∏´‡∏°‡∏∑‡πà‡∏ô,num
‡πÅ‡∏™‡∏ô,num
‡∏•‡πâ‡∏≤‡∏ô,num
‡∏à‡∏±‡∏ô‡∏ó‡∏£‡πå,date
‡∏≠‡∏±‡∏á‡∏Ñ‡∏≤‡∏£,date
‡∏û‡∏∏‡∏ó‡∏ò,date
‡∏û‡∏§‡∏´‡∏±‡∏™,date
‡∏®‡∏∏‡∏Å‡∏£‡πå,date
‡πÄ‡∏™‡∏≤‡∏£‡πå,date
‡∏≠‡∏≤‡∏ó‡∏¥‡∏ï‡∏¢‡πå,date